mean_x,std_x,mean_y,std_y,mean_z,std_z,median_x,median_y,median_z,rms_x,rms_y,rms_z,Activity
-4.29685545291,2.409397839254519,-6.4085573428696,3.20477332699037,-0.5206832284303,7.739289090252077,-4.05476805,-5.79295345,0.83646056,4.926272904641677,7.165206158530038,7.756784555913838,hand_wash
-5.2439826724,1.4864392833406153,-5.835469881470001,2.276758743516008,-3.1680360311483002,6.136227685188943,-5.3073635,-5.87438425,-4.65472055,5.450583089128135,6.263891690771807,6.90577602439676,hand_wash
-5.182291768740001,1.5062620466911936,-6.265252531410001,1.7356833410531385,-3.0309379316122,3.2343176219921874,-5.4247191,-6.3887145,-4.1176373,5.396755815270198,6.501229571607881,4.432538237309955,hand_wash
-3.1973019752651997,2.2809793054215626,-6.368922150190001,4.479764467015549,0.3014587108766999,5.650107808549103,-3.43625425,-7.6472974,-0.69814823,3.927544590809401,7.7866205143897895,5.658144183616303,hand_wash
-2.3580631817424003,1.8430847762637153,-6.838116060182999,2.7308582620868247,-3.1013407401140003,5.468866079511105,-2.2531146,-6.4647565,-5.8486378000000006,2.9928954979391045,7.363247795649725,6.287035118552942,hand_wash
-2.983218364115,1.598634480767651,-6.902385232285,2.7263930168648844,-2.3849161495569997,5.1150814310828485,-2.87282595,-7.4006104,-4.1314087,3.3845566934374482,7.421330121836359,5.6437472557713235,hand_wash
-3.4744045362059994,1.5242390227969287,-7.18039068685,2.068870469273297,-2.2314097541707003,4.394799447092942,-3.1243030000000003,-7.4048015,-3.75718685,3.7940468473419995,7.4724986071884505,4.9288387751250875,hand_wash
-3.36549940212,0.9335522074232517,-6.85724149681,1.3872700374131084,-3.770160705851,3.7205034679655897,-3.1728021,-6.986272,-5.043312650000001,3.492578696272269,6.9961617407173495,5.29681581736489,hand_wash
-2.835630083717,3.2168456056621486,-7.2812821072260006,2.8917119110516896,-2.0744317965049,4.595673403487935,-2.8836036,-7.265890349999999,-3.6212695999999998,4.288227328669594,7.834479363782108,5.042170297587829,hand_wash
-5.02326366665,2.398730343758503,-4.974804043535,3.3465466310439314,-2.9306716346100004,9.170462852123539,-4.63975175,-4.924759,-2.2531146,5.566604452155173,5.995669239152846,9.627368547639872,hand_wash
-5.44193463079,1.5216789691425607,-3.5540892379183,2.660306923910168,-5.405913535672,4.422158253555092,-5.493576,-3.32428715,-6.67432075,5.650677783321419,4.43945753898954,6.984223992302019,hand_wash
-2.8900281564367,2.2213913241597947,-8.061252536549999,2.9298149684570407,0.47615383743699985,4.709620613752655,-3.1488519999999998,-8.147257499999998,0.681383045,3.6451120915617006,8.577156184157353,4.73362955905824,hand_wash
-4.145723721899199,2.9368073224549667,-5.110371720972,4.2039704092597034,-3.8425765080379,8.007435829514804,-3.87813525,-5.6654184999999995,-2.2321581999999998,5.080537612058675,6.617345867373227,8.881690311192019,hand_wash
-5.028250100839999,1.6442986880713055,-3.9775909611636,4.173518231745645,-3.697635925561,5.750070700548866,-4.936733950000001,-4.198468999999999,-6.0761645,5.2902757255355315,5.765369397102294,6.8363604717210364,hand_wash
-1.0624414398192001,1.7523916779210151,-7.651632347720001,2.424973106173474,-1.5003863357230003,5.641249905521054,-0.604143665,-7.0850665,-2.9674292,2.049306811068544,8.026703691450166,5.837367527658816,hand_wash
-3.302497218668,1.4069728272089905,-7.260061032416999,2.286838633704809,-2.4341780986313,4.540473037191566,-3.0943651,-7.5491014,-3.8434075,3.5897159241107555,7.611709212195686,5.1518072962136205,hand_wash
-3.201532775794,1.2267778132345386,-8.06659941671,1.9012903714550091,-2.567144790657,2.9016024728429755,-3.109933,-8.173004,-2.7165508999999997,3.4285267853011954,8.287637252332756,3.8742133764941036,hand_wash
-3.89328627309,1.3503717083776234,-5.625263802280999,3.3647133030599963,0.14691529833899994,6.133175161613374,-3.52187625,-7.0311787,-3.3578173,4.120822946332167,6.554760747505724,6.134934528413265,hand_wash
-2.8542537460173,2.480306536940528,-7.4760893911399995,3.00267002822094,-0.003979322589699905,5.643836048333329,-3.04706355,-7.772437,-0.6987469500000001,3.7813602002247424,8.05654639921427,5.643837451191789,hand_wash
-4.0058785332047,2.3162536287250997,-5.7474050023,3.2118418902769355,-3.2502774148870004,6.718324385927242,-4.21343825,-5.38101,-4.9055985,4.627320357979597,6.583964807667244,7.463255712373065,hand_wash
-4.6443452292,1.3927030343902778,-6.273447106005,2.626763505335967,0.34180880790870005,5.620115584011293,-4.5301795,-6.1354412499999995,1.2765454,4.8486662444421444,6.801178214457213,5.6305001943708834,hand_wash
-5.8499322047,1.016160258831581,-3.6973293555410005,2.218804034885994,-4.508936813744,4.237808554778533,-6.05520815,-3.3661999,-6.29351265,5.9375321869624305,4.311999038563389,6.187853629271624,hand_wash
-3.3604542999616998,2.2715859350891128,-7.489290738266,4.516257749579806,0.6527446198019,6.787844852616965,-3.2260914,-7.899972,1.66573605,4.056199669965196,8.745630899078495,6.8191578132404995,hand_wash
-3.3352000186,1.0626556877012066,-7.547756771434,2.4660461549350203,-1.2451574771314002,4.3339419130051215,-3.3470397,-7.8448865,-2.40759335,3.5003994450166918,7.940404014846952,4.509264867820333,hand_wash
-3.437979882817,2.484645966385872,-7.4015288481193,5.086763292097488,0.8790260426219998,8.007711439805025,-3.5967206000000003,-7.4479120000000005,1.9190094,4.241835835217103,8.98096821502964,8.055813384556023,hand_wash
-4.04099071317,1.3721963531383006,-6.908904472435,2.566687422746827,-1.3064005272743,4.670691999531463,-3.92902955,-7.2593042,-2.7614574,4.267613944054949,7.370267656966,4.849953205150518,hand_wash
-2.891490312248,1.7483887098565956,-6.832456631942,2.977109336854874,-1.4643808024309997,5.566052446027865,-2.7961853,-7.32876,-3.4596057,3.3789908710409455,7.452894983223411,5.7554627065476875,hand_wash
-0.8033745733732001,1.6680452706747906,-8.0046031442,1.8370139356784294,-2.9562540421820005,4.043999432335531,-1.16218325,-8.147257499999998,-3.5344500500000002,1.851428024569982,8.21269089251588,5.009328235467058,hand_wash
-2.5697074664399997,0.725863582341634,-7.83351132913,1.1221422133489536,-3.9625490391200002,1.58334641315934,-2.499203,-7.8879967,-4.0374043,2.6702573664812377,7.913476030834222,4.267174797391757,hand_wash
-2.53358698068,0.7600392171720903,-7.5136528755,0.6317192992141982,-4.5976291818999995,1.0649638765945648,-2.5680597,-7.50479365,-4.55892,2.645131868227133,7.5401623859509215,4.7193582352593015,hand_wash
-2.598674027407,0.8232845617762609,-7.75987167753,1.2789176952333676,-3.9287648942619997,2.1560922346979705,-2.52135685,-7.8891945,-4.027823850000001,2.7259684830127524,7.864555863042317,4.481509491110154,hand_wash
-5.601719565299,3.3309015708711702,-3.4089630237443,4.184131508056869,-2.956528268185,8.725867738527626,-4.88045095,-3.48355595,-3.6751574,6.517220831235171,5.397034868700603,9.213133407850677,hand_wash
-4.58293453106,2.268156660665312,-6.594498280739999,3.151783012817166,-2.20168038001,7.033587973251177,-4.479884,-6.24201965,-2.29323125,5.113494260611091,7.308976928036213,7.370125933332793,hand_wash
-5.611090077699999,1.3154026028865162,-5.876760018969001,2.37074110300297,-3.0192430533734997,4.6136997193411755,-5.6462585,-5.7947498,-4.379891799999999,5.763212287235653,6.336933146090486,5.513805737926662,hand_wash
-3.257134351901,2.2706852937952076,-7.66736761508,2.997484750613464,-0.1971843531899999,6.637855903856824,-3.2662079,-7.682025,-1.24062005,3.9705082659265902,8.232462631250616,6.640784040270384,hand_wash
-1.030436798699,2.9902282843628756,-4.86123341512,2.884452433585534,-2.9471026820402004,6.895908074956357,-1.62921205,-4.6643004,-5.708529,3.1627938896989147,5.652579602084058,7.499264123681524,hand_wash
-3.2764190497700003,1.6372685897151285,-6.70165384449,1.736493971070617,-4.472986377557,3.3044375250334928,-3.0973589500000003,-6.67372205,-5.18940875,3.6627271567185447,6.922974473658861,5.561197217385836,hand_wash
-3.8741847919499994,1.0249815796589332,-6.27835450035,1.7177756796080896,-4.931589514753999,2.8518531769128037,-3.72425535,-6.231841,-5.4899836,4.007479886514315,6.509108119974513,5.696809781333694,hand_wash
-3.27933259008,1.1911372776176752,-5.65213712128,1.6099643459351822,-5.002962279553,4.211831402683058,-3.4482294,-5.591771850000001,-6.2617784,3.488958333154933,5.876958331733675,6.539813096355069,hand_wash
-2.5372944700768003,4.416106133319723,-5.496065683738,4.940825057016165,-4.01211755954,5.276185615345827,-2.630929,-5.572013,-6.1689715,5.093118554346285,7.390432344863272,6.628364953678353,hand_wash
-2.2651807354023,2.5350596941831576,-6.826083489052,4.665738742629816,2.906355005429,6.413756176318278,-2.6177564,-7.54071905,3.8092785,3.3996428366976597,8.268284816936653,7.041531630749312,hand_wash
-3.771906679390199,1.6462249989388766,-6.7710675037652,3.308970118858608,-0.25602160011399977,5.702383964796723,-3.7757482500000004,-7.079079200000001,-1.7082477,4.115499574190199,7.536354449469866,5.70812840970626,hand_wash
-4.8059168493,0.9940689401743813,-6.2469078902563,2.3004868874186535,-1.7766458497310003,4.805729102408449,-4.885241150000001,-6.298302700000001,-3.18357975,4.90764809457698,6.65703373196588,5.1236220275408595,hand_wash
-3.118459122626,2.181195422043155,-5.888768645560001,4.504563498249353,0.38393241375549964,6.199758087680555,-3.55899895,-7.2425389,-0.5658233749999999,3.805574959008341,7.414087163683133,6.211634603233884,hand_wash
-3.413586606782,2.0948479458777785,-7.635713865533999,3.723623154813959,1.4345376629098998,6.31852491094728,-3.2739917,-7.53473135,3.016527,4.00511690695163,8.495263129260614,6.479325223861535,hand_wash
-3.9387389493000002,0.9353309771342161,-6.7671336734232,2.793139958100441,0.12954781186930028,5.008527850843873,-3.9026842,-7.4413257,-1.1759546,4.048272291672055,7.320910392807407,5.0102029767504295,hand_wash
-2.1750872876177,2.676150842643438,-7.338467979674,3.9899316309981256,-0.8719954776937998,7.759789853510979,-1.7190253,-7.59999565,-1.2046948,3.4485921825198913,8.353003454371366,7.808630781626853,hand_wash
-3.1947333208113,1.780500711154772,-7.28041867628,3.038680827517029,-1.9117716648682999,6.204218694164754,-3.0500574,-7.355703699999999,-3.3638049,3.6573902954872954,7.8891113107527016,6.49208753049562,hand_wash
-2.0897467482153,2.3266920138615723,-7.7284669652474,2.7383459426074173,-0.39846898355199983,5.8101218953174545,-1.9597247,-7.9742175,-1.56514525,3.127385041699157,8.1992524131359,5.823769738691619,hand_wash
-4.915770410007501,2.0909651163067324,-6.692831780242,2.532546648029062,-2.3971391231893002,4.724282839693327,-5.2115626,-7.010222300000001,-3.0572425,5.341997177228469,7.1559618335385595,5.297652718454241,hand_wash
-2.6941371201374005,1.9554609701228869,-7.45537246994,2.3494078757631165,-0.28398823906670034,5.431368093840422,-2.3716681,-7.430548,-1.6411871,3.3289942066300124,7.816795765032947,5.438787428344295,hand_wash
-2.7906480148357,1.7880730403888867,-7.193601624854001,2.876958747231564,1.193525649153,5.629658296599432,-2.6524842,-7.38863515,0.129331055,3.3143508475223307,7.7475671000885376,5.754785487892394,hand_wash
-2.7609845031919993,2.9904073532294633,-6.5944156377239995,3.741748653962772,1.874244098176,6.069869851803708,-2.7428960499999997,-7.1335656,0.8813672,4.070082501020737,7.582018240052647,6.3526459808006885,hand_wash
-3.1962840952731,2.327957750066321,-6.9744058398543,5.203812216707354,2.4975814462456003,5.371942345254355,-3.47277835,-6.580915,3.36081115,3.9541900945439674,8.701838794516162,5.924160500979621,hand_wash
-4.575703976904,1.9994133029599543,-6.3965726541392,4.593616057380549,1.790683052205,5.529260257703011,-4.43377975,-6.8395772,1.5124548500000001,4.993467777037147,7.875115885008031,5.811993185721072,hand_wash
-5.316972102809999,1.75188736124722,-5.9811529306053,3.415373140506166,-0.3676031616167001,4.216829808859531,-5.3696339,-6.99405575,-1.60526185,5.59815162965041,6.887594940774269,4.232822429693561,hand_wash
-4.771401014963,2.185105848434856,-6.4980244834039995,3.138766233306118,-1.709392478659,7.554493097297201,-4.6918432,-6.3845234,-0.617316265,5.2479477145312865,7.216382449278898,7.745475363281908,hand_wash
-5.614110207246,1.777646823401905,-5.38218608486,2.114384083822387,-3.55112659081,5.08034275615807,-5.7276893,-5.2983818,-4.9002099,5.888825150049423,5.782607293080003,6.198417748426257,hand_wash
-3.06622614157,1.8461445838119408,-6.74512583981,3.8226486159629514,0.502673885212,5.854974073900541,-3.12550045,-7.432943,-0.7125183,3.579104996446097,7.753022961142062,5.8765127789294915,hand_wash
-5.5095185002510005,2.9634414743793642,-4.2204579151670005,5.935222261660858,-3.8261826049950005,6.681724020364487,-5.7803799,-3.6829412,-4.8163843,6.255939535887458,7.2827967367633155,7.69968240975445,hand_wash
-3.1905671835340006,2.040603443298803,-6.954594242838999,3.27388288648429,0.49858919306309984,5.830850368515929,-3.060835,-7.47006585,-0.97716795,3.7873184927395545,7.686656635816645,5.8521284336095745,hand_wash
-2.5701804779246,1.8903840019856903,-7.198826372544,3.2784114293249202,1.0866706621843,6.886911028107071,-2.5997938,-7.1377571,2.7692413499999997,3.190513965502762,7.910188533907601,6.972115650010034,hand_wash
-5.5004856811,1.5541837320027818,-4.9311308636732,2.648348730229776,-2.71840104776,5.686851968615889,-5.7025415,-4.5080253500000005,-4.8523095,5.7158402532618275,5.597303153446315,6.303172976320186,hand_wash
-5.45720168016,3.426677809126588,-5.993604616384,5.900846621078585,0.2695726131399999,6.288985691321089,-5.5702167,-6.375542,-1.1538007000000001,6.443847529659724,8.41090287323746,6.29476055298345,hand_wash
-3.6727277205010003,2.1096328108653593,-6.135703537048999,3.14535732607114,0.2850157146877005,7.563265243776013,-3.40990915,-6.10250965,1.4334192,4.235502273121353,6.8949351413356315,7.568633635295685,hand_wash
-5.36876679584,1.4643861040124821,-5.6542507271249995,2.48910614434165,-1.798647685427,5.50221021887011,-5.4450769999999995,-5.68817135,-2.7297236,5.564897444673977,6.177879950516434,5.788734817637664,hand_wash
-5.0628904642994,2.53339836315898,-6.21740003909,3.15844994108961,-2.3574584456150007,7.320539070229645,-5.0552877,-6.040838,-2.49201775,5.661357356672549,6.9736553740807485,7.690767361034932,hand_wash
-3.1907863227271,2.9142948533703867,-5.1236940111243,3.041345397452639,-1.7664993488985998,9.099260248534268,-2.5087829499999996,-4.02962,-1.5801140999999999,4.321369210063339,5.958357336232644,9.26914543095614,hand_wash
-4.673202816983999,1.7908156528304853,-6.820246816709999,3.1671159444459507,-2.1990362871339997,6.329747692594759,-4.62598015,-6.773714099999999,-2.7213409,5.004582427245041,7.519733376018505,6.700855650142059,hand_wash
-2.1718049061602995,1.952032863550834,-7.1082060041,2.7573387713919053,0.23588667796100002,5.911314355367113,-1.9507434,-7.38204915,-1.3519885,2.920131649567262,7.624271092828764,5.916018926001571,hand_wash
-4.582621981443,1.107358251137119,-6.995589788526,1.700312285494161,-2.820646840243,3.335605711694343,-4.43976765,-6.986272,-3.4434394,4.714516573432108,7.199259570089943,4.368330809503871,hand_wash
-4.1140903053,0.7017039051805447,-6.1944605546,1.1158724388670154,-5.25892041929,2.1087585773086746,-4.08710065,-6.052813,-5.7312817,4.17350301434048,6.294164985311267,5.665960352296706,hand_wash
-2.7560687241861,1.938771169740828,-7.571878190922,2.8484082968800495,-1.9469532817979998,5.366114282838625,-2.6902057,-7.756270499999999,-3.9206469000000004,3.369680765451679,8.089917747659447,5.708398162180761,hand_wash
-4.712933804624999,1.9934911896228078,-6.906675920277,3.8332445525984604,0.44900509336700006,6.447863265161923,-4.431983799999999,-7.084467650000001,1.21726865,5.117201595587264,7.899109827553983,6.463477876506896,hand_wash
-5.1523815622682,1.8485602035034663,-6.042558840520001,2.8052102708014583,-1.929891169039,6.600540112007841,-5.2876043500000005,-5.938451,-1.86691775,5.473957488798947,6.661960822802578,6.876889536306308,hand_wash
-5.6179003203699995,2.1630272878590175,-5.439260599213299,4.549957242397143,-1.0458451525689998,5.775004512100993,-5.64865355,-5.489385,-2.8572583,6.019924505974812,7.091379751063712,5.868941062741975,hand_wash
-5.4768540233587,2.770811814920083,-3.7310943407263992,4.004020016939921,-3.3062238644006996,7.269908057675231,-4.98882555,-4.3727069,-4.1517663,6.137860222168725,5.472955442487736,7.986405913086559,hand_wash
-3.4404359872743,2.4725886239990893,-7.734086884938501,3.9648507611718844,0.5241727686329999,5.641084267129027,-3.2356713,-8.2478485,-0.02215393,4.236778762935563,8.691153059412944,5.665385141385095,hand_wash
-1.8957022727985002,2.704472981198065,-6.852755624561399,6.903916012499434,3.309205675055,7.3763554170805055,-1.74058045,-6.74497365,5.029541,3.3027051356613333,9.72750306901026,8.084643556701133,hand_wash
-3.078583252288,1.6261300466481143,-5.7670669205547,4.37256092878379,2.4894551504328,6.290879237670261,-2.97162045,-6.8222132,3.29913935,3.4816625008578814,7.237288853022437,6.765541259128286,hand_wash
-1.073832154467,2.25915099359603,-8.244414050846,2.283439888749353,-3.1952482479717,3.4566291399203495,-1.06758,-8.29036,-3.0213171,2.501375363241824,8.55479168462439,4.707217477142172,hand_wash
-2.78678245558,1.5792051938780718,-7.3696930323380005,2.981745252647213,-1.5290056076770002,4.688383188013424,-2.499203,-8.108339,-2.9344977500000002,3.203130577903432,7.950042776147526,4.931409034541206,hand_wash
-2.869448949836,1.422763367900954,-7.311753916942001,3.085419615042276,-1.88188539628,4.383963180227736,-2.60338625,-8.153844,-3.1614256999999997,3.2028101530930284,7.936092208562366,4.770809764633716,hand_wash
-2.8317465552856,1.4800953236798922,-7.151224161492601,3.0051870949292976,-0.9265013378046999,4.882118133125053,-2.4590863,-8.2550335,-2.0357665999999996,3.1952262393375133,7.757006928155029,4.969253685891108,hand_wash
-2.6809285803302,1.6589819574531057,-6.728502003799,2.5536759634421595,-1.0479012711746996,6.0299969284477966,-2.4357349,-6.81323175,-3.2177087,3.15271298852056,7.196804856419924,6.12037254023147,hand_wash
-2.2544354778793,2.226930092057779,-5.3941156903788,6.553401580736397,4.143444879197,6.995503091354875,-2.10103095,-5.01876335,7.0156109,3.1688636699664654,8.48784756929512,8.130510375622151,hand_wash
-2.8710703745750004,2.352950152874014,-3.7110947363199993,6.709604482573599,4.392928066764299,5.799320454409396,-2.8830048,-2.65008915,7.0072285,3.712064050857969,7.66753001001716,7.275296195530236,hand_wash
-4.515368652335001,3.4540491844334085,-5.99140001838,5.808337021458983,-0.7861483979691998,8.351684713869743,-4.5116178,-5.642666,-0.16525635500000002,5.684981076043674,8.344678132504265,8.388603391716352,hand_wash
-5.257340909277,2.463907089004045,-5.982365999032,3.574262205842356,-3.1197775879549,7.397370454120525,-5.1612670000000005,-6.01569035,-4.03680535,5.8060719578387845,6.968791377454717,8.028331198561816,hand_wash
-4.425309924635,2.590139106626201,-7.117120281848,4.427918302329234,-1.618341045862,7.0072612567789765,-4.184697849999999,-7.3760615000000005,-1.3968951,5.1275909080919675,8.38211558011427,7.191713152057539,hand_wash
-5.536189429097501,1.6661158059778236,-5.930013280740001,2.4682004389307988,-1.4314037864279998,6.309484716539304,-5.628296,-5.618117,-3.2434551999999996,5.781464803471525,6.423166735846966,6.469815622414866,hand_wash
-3.767751323199,2.7076320758564543,-6.52945312259,4.026610479797906,-2.0872595142529997,9.330414901694338,-3.6260595,-6.2773465,-0.9023236,4.639743688144265,7.6712026460079015,9.56102999250601,hand_wash
-5.27150984075,1.792933039422768,-5.64964989601,2.170710441432793,-4.0505061358217,4.805769281433493,-5.3121535,-5.499563500000001,-5.04031865,5.568071918085995,6.052315901209318,6.285063113660756,hand_wash
-3.0605619286179997,3.1174671589778735,-7.552959952585001,4.865592697071708,-0.19526834205700003,6.5410541708738155,-3.4895434,-7.4718622,-1.14721435,4.368711572787967,8.984497556299425,6.543968168604995,hand_wash
-5.204588199845,1.836492235544456,-6.5075554531,2.452449896191443,-3.1500302778690004,3.7084958492958324,-5.4462744999999995,-6.5132556,-3.9254369999999996,5.519097939082155,6.954335947342562,4.865761216473314,hand_wash
-4.429341929189701,2.5035476768720466,-7.461894099468,3.7454770305120495,-1.6099345286500002,7.318642936235091,-4.383484299999999,-7.3652838,-1.2981006,5.08790928535969,8.349159343177535,7.493625532053446,hand_wash
-5.0702395803,1.0604421806979512,-6.40504984028,2.193619127482175,-2.062402805866,4.624952238902998,-5.13132935,-6.55097715,-3.49732725,5.179948553822147,6.770275351337382,5.06395976936802,hand_wash
-2.627811828459,2.420938561382635,-6.481514427508,3.86212026219721,1.3926475822599997,6.560898119056436,-2.89857245,-7.111412,0.593366085,3.5730013327423285,7.544932219289223,6.707074728748212,hand_wash
-5.5943524998740015,3.458258013986409,-1.575455821984,6.468623271038119,-6.341021357613,5.617259332312188,-5.408552800000001,-1.1753558000000002,-7.010821,6.576954339521272,6.657713426518085,8.471254586196343,hand_wash
-3.1362756821699995,1.7844244928144837,-6.1179564316013,4.4645007243730825,2.408372957959,5.487511251307602,-3.18118465,-6.80305315,2.5680597,3.608378572867199,7.573714915211656,5.992748955016863,hand_wash
-4.208848052752001,1.7852876998863603,-7.580045206393999,3.0990221275726078,1.689134223619,3.5889929230997373,-4.118236,-7.924521,1.85015255,4.571832685315576,8.189079525695261,3.9666162692477522,hand_wash
-2.7616287645413,2.110050841043767,-6.702026268079,3.4937131937631074,-0.3687515697265003,6.33224166315822,-2.8608507999999997,-7.25750805,-1.7944684,3.475472339831151,7.55798835526328,6.342969509686495,hand_wash
-2.8529616352799003,2.139014531835192,-8.153990093334,2.7119511213884047,-0.7695101992586002,4.54034685682501,-2.9015663,-8.310718,-1.07296875,3.5657780721437344,8.593150372650815,4.605094518795869,hand_wash
-3.1690299693485002,2.3633021507416774,-6.430872945057,3.8970913015428605,-0.3753833961103,6.496677172121694,-3.41110665,-7.01860475,-2.14474,3.9532199536996666,7.519537715047855,6.507513117377669,hand_wash
-2.7773436858863003,1.9945670119718748,-7.19886947518,3.595256813414037,1.377248800543,5.488780047550132,-2.71655095,-7.93769325,1.6747174,3.4193472351866974,8.046713197018919,5.658932820681083,hand_wash
-4.267754758202,1.8714650363136829,-6.884846479329,3.5224965358588,-0.9298268123619999,7.61843278910648,-4.1074586,-7.122788,-0.007185058,4.660054941553843,7.733633873481868,7.674965541493982,hand_wash
-5.515689268899999,1.127163190179631,-5.698295131680001,2.0837698322877234,-2.000246067591,5.001614840198324,-5.593568,-5.5348901999999995,-3.91705455,5.629682492677055,6.067344074772783,5.386755548621579,hand_wash
-3.4987570982536003,2.199574954229314,-6.74676402231,3.5938407767773373,1.3498401989544,8.221087570700604,-3.35182995,-6.730005,3.37877385,4.132726849412243,7.644247268473473,8.33116734964802,hand_wash
-4.49796643284,1.1360450755912679,-6.661738443012999,2.5814659006530714,-0.48065885369329986,5.057762100743377,-4.548741,-7.1006341,-1.89565805,4.639213343308385,7.144419170188144,5.080550206557338,hand_wash
-4.943384979905,2.0989616480848934,-5.691519636564999,3.5430982701791507,-3.376171620601,7.144296632910278,-4.6295725,-5.38280655,-3.1308892999999998,5.370539550145926,6.704247991053991,7.901867449582075,hand_wash
-5.80581834285,1.9625343633342616,-3.2291832808463004,3.091391303469463,-4.864158938106001,6.507516388237684,-5.7342753,-2.7357110999999996,-6.793472700000001,6.128545321480566,4.470383076702029,8.124519168439356,hand_wash
-2.4375059802379,1.9200253800628881,-6.73978733528,2.570560647506079,-1.6236723497000003,6.077376892094228,-2.1698878,-6.67671565,-3.8338275,3.1028910492927664,7.21335673367868,6.290534300656918,hand_wash
-4.077509977303,2.1698560715381987,-6.7796212992700005,3.1318057664832435,-2.1022810750617,7.274033675511613,-4.067342050000001,-6.500083,-1.5669415,4.618913615364191,7.468030016041254,7.571733726897663,hand_wash
-4.833779304907,3.9170672364629153,-5.901855036666,8.370586721324397,-5.252913707257299,5.638046462721531,-4.7253735,-5.0594788,-6.14083005,6.221642717443555,10.242002486478519,7.7058854346336085,hand_wash
-3.4949837453023003,2.368069603588737,-6.2634646625694,3.9513353972132834,-0.3170311214257001,6.156453287087058,-3.849395,-7.1599107,-1.89865175,4.221689830786744,7.405676268952503,6.164610758842563,hand_wash
-2.6872071217343,2.521143349533092,-7.551139708291001,3.437636546984701,-0.734800368561,5.312125748180476,-2.8949797999999998,-8.0352905,-1.1735596,3.6847314561572166,8.296809984764867,5.362705618073713,hand_wash
-2.8009094817838,2.5215020741235845,-7.2439820626703,3.8312037107744126,-2.219543623477,7.463721966834239,-2.7710376,-7.001241,-3.44104435,3.7686956145271187,8.194717688715132,7.78675282095954,hand_wash
4.0613795129,2.628582257280109,-3.0664968005428004,2.521944269184214,7.0530594966244,2.912827696356929,2.8830048,-2.7057732000000003,8.515492,4.837793735897763,3.9703407315506727,7.630872391253025,not_hand_wash
1.062058235114,3.6024440331457552,-3.9514600939600006,1.4982340572159514,8.160071079,1.039978398457697,3.2548316,-3.4775684,8.614885,3.755738370376845,4.225960501987701,8.22607531472882,not_hand_wash
-2.8326686362000006,0.9658855642563967,-3.96618347657,0.7848003425268698,8.714738409699999,0.5758739621399527,-2.4153771,-4.0553667,8.837622,2.9928158188819554,4.043083346586759,8.733744693415948,not_hand_wash
-2.2284950203,0.04896165451825376,-4.0534531972,0.04633018040756621,8.901787042,0.054094102363402244,-2.2261705,-4.0535707,8.90109,2.2290328169668254,4.053717961021401,8.901951399161288,not_hand_wash
-2.2301619533999997,0.04806420259745572,-4.076795060999999,0.045105341438134564,8.8901687985,0.05122754370058309,-2.2297633,-4.0751257,8.889115,2.2306798304472637,4.077044574347973,8.890316390717292,not_hand_wash
-1.926214814455,1.2293362296739523,-4.3216235349,0.8053208202629791,8.729340857899999,0.6924452165107182,-2.2309606,-4.1026683,8.873548,2.285075726757185,4.396017697979685,8.756761512755208,not_hand_wash
0.9383243453425,0.7346517326622221,-1.3478954349599999,1.5722000409656214,9.787925105800001,0.8313202467191176,0.9735754,-1.0843451000000002,9.93514,1.191707071962752,2.0709019948800833,9.823165031157478,not_hand_wash
0.9478888532699999,0.05901820220470471,-3.2357324603,0.05362641323524792,9.4131105275,0.05526588324920712,0.9472302,-3.2332764,9.413624,0.9497243949404433,3.236176810193715,9.413272763538865,not_hand_wash
0.9350168217500001,0.044865233609145266,-3.245111354,0.047827183385882176,9.412504572,0.048545950769753356,0.9340576,-3.2428565,9.414822,0.9360925948549504,3.2454637787734346,9.41262976150964,not_hand_wash
0.9395086820899999,0.04380312132852959,-3.2324560754,0.04645035038711156,9.415565439000002,0.049370612804914435,0.93944643,-3.2308815,9.414822,0.9405292537505734,3.2327898036280454,9.415694875764613,not_hand_wash
0.94864208942,0.04586141918317266,-3.2155568118,0.04771915996657485,9.4215481755,0.048388644165609264,0.94842774,-3.2153137,9.4214085,0.9497500111022048,3.2159108706774346,9.421672435621584,not_hand_wash
0.9522250377800001,0.05278019090697999,-3.2345265648,0.06852853438733184,9.412580032000001,0.050345907045006896,0.9520203,-3.2356713,9.412427,0.9536866734558577,3.2352524257655944,9.412714675860588,not_hand_wash
0.95852394035,0.04638234331635145,-3.2849225658000005,0.04829697909453105,9.3892513345,0.047618056807364174,0.9580078,-3.2847693,9.389075,0.9596454897490042,3.2852775927601177,9.389372082399554,not_hand_wash
0.9586700363499999,0.04669835528424602,-3.2814521869,0.05446290782140482,9.389596219,0.049268620631889415,0.9580078,-3.2811768,9.389674,0.9598067383497388,3.2819041215792937,9.389725478033853,not_hand_wash
0.95936698733,0.04666120819756865,-3.3030301154000004,0.04949655809737443,9.382930868999999,0.050087320128000865,0.9592053,-3.3015344,9.381291,0.9605010592024859,3.3034009524280914,9.383064554401761,not_hand_wash
0.9561792154600001,0.04409027583189764,-3.3005440863,0.048911947691134744,9.378781526500001,0.0472863626000568,0.95621155,-3.3015344,9.378897,0.9571951966556425,3.3009064882599812,9.37890073099751,not_hand_wash
3.68989882162,3.037718357128723,-2.4996627268114997,1.4304172802680033,7.489937393051999,3.328330142599896,1.79686335,-2.32316885,9.426797,4.779444123643407,2.880001274912915,8.196154201207884,not_hand_wash
1.6800044142000001,0.06737288119399258,-1.9813278088000001,0.06502941463405958,9.708701453500002,0.05338505580510887,1.6717236,-1.9866687,9.710607,1.6813547920804417,1.982394690946245,9.708848226096457,not_hand_wash
1.6220832577000002,0.04562096864737641,-2.0341511561,0.04875937360535904,9.7052167105,0.048965931744774746,1.6226257,-2.034569,9.704619,1.6227246740254397,2.034735462505471,9.705340234130903,not_hand_wash
1.6130719966000002,0.04552051981207363,-2.0418858700999998,0.04824326560421772,9.706004673999999,0.04824583375892911,1.6130457,-2.0417542,9.705816,1.6137141580648884,2.0424557080118513,9.706124581530206,not_hand_wash
1.6061671571,0.04568898204113864,-2.0493535457,0.04589738494726886,9.705441838499999,0.048984374986169504,1.6058606,-2.0501368,9.704619,1.6068168593920875,2.049867440889327,9.705565452331927,not_hand_wash
1.6074425071,0.04476236461776991,-2.0516839,0.049491338134996316,9.703990450000001,0.04887504904953035,1.6082556,-2.0537293,9.703422,1.6080656338962376,2.052280735686422,9.704113531081074,not_hand_wash
1.5994970283999999,0.046061796260253175,-2.0553135535,0.0456747685748682,9.702036121999999,0.047376395439370604,1.6022681,-2.0549269,9.702224,1.6001601272795019,2.055821000886304,9.702151794083498,not_hand_wash
1.5938232261,0.045483928914583104,-2.0602341207,0.045860705430614365,9.705136484499999,0.0469808082420525,1.595083,-2.0597167,9.704619,1.5944720956621719,2.060744485956252,9.705250196626364,not_hand_wash
1.5913359974999999,0.04618530688914542,-2.0603538678,0.04740273832755934,9.702499550999999,0.04867199723626408,1.592688,-2.0585194,9.703422,1.5920060739556758,2.0608990950940247,9.702621630284785,not_hand_wash
1.5879242948,0.0477941969437564,-2.0738043061,0.052022563273929255,9.702947419500001,0.04844184898641121,1.5890955,-2.071692,9.703422,1.588643399658204,2.074456711307443,9.703068341422465,not_hand_wash
5.254511176,3.1342180216078694,-1.57443314706,2.1112887769927604,6.63013377202,2.9711729305345513,6.6970735,-2.06271065,6.7431775,6.118268570901448,2.633700824774303,7.265434771438074,not_hand_wash
2.8436965043,2.3161575889502157,-5.9905809218404995,2.7834432259521793,5.82502759673,1.5886731550682933,2.14294375,-7.43893065,5.5091438,3.667587188523228,6.6056503066101255,6.037783442315626,not_hand_wash
0.9020853051500001,0.13519883286976397,-8.5214004703,0.28754279517175746,3.9818217602000003,0.591732338308616,0.89334226,-8.599318,3.7757483,0.9121604147171236,8.526250455756285,4.0255498618452625,not_hand_wash
-3.65603204194,2.8406351595295205,-3.7206089473370003,3.0546198105743123,7.203724181900001,2.0551903081833807,-5.430707,-1.8297949,8.408315,4.629878875440185,4.813899991291591,7.491158074139253,not_hand_wash
-1.760795607253,2.708140358238838,-5.937401915026999,3.638135016569999,2.9771601641917,5.671290471241569,-1.90763305,-7.23595265,4.29427005,3.230236116825431,6.963387674067779,6.405233661034185,not_hand_wash
2.2607176103903996,1.2108286174160516,-7.8488657977,1.8728346102517917,2.0703901991829996,4.217073626639791,2.4465125,-7.7430983,3.2141162000000003,2.5645565025327377,8.069213331401137,4.6978958640410395,not_hand_wash
0.302693345485,1.1682618143384564,-4.4173716318065,3.771503273929828,4.35555977715,6.530673651035876,0.47241759,-3.4775684,8.895700999999999,1.2068384018758618,5.8083912642617515,7.849878935923867,not_hand_wash
1.8184820453600001,0.5709422236360835,-7.9737732389,1.2940210939202346,-3.1847329094872,2.3865529224594493,1.9986438,-8.426876499999999,-3.166216,1.906004189929079,8.07809075567416,3.9797184016548885,not_hand_wash
4.2284009883,1.6090068954109313,-7.9402980831,0.7952771619608272,-0.8245932491818,0.5851876540144287,4.687053,-7.79339365,-0.5909710699999999,4.52418811582104,7.980025025826548,1.0111372889015164,not_hand_wash
0.060568848179899874,3.365587422238067,-7.5593762060000005,2.0095441113717936,-1.7330205645680001,4.226701397446676,-0.0604742435,-7.65148875,-2.7800189,3.3661323922414157,7.821920234788131,4.568190558677831,not_hand_wash
-1.6846615214502,2.342964833101646,-7.5220929195499995,2.569274723242087,4.82355857191,2.590297623907488,-1.7531542500000001,-8.295749,3.99309635,2.8857527009440584,7.9487769181072725,5.4750670385911455,not_hand_wash
0.7662733251316002,2.7979800573442777,-6.5691601580659995,2.4858377695069653,5.110196903739399,4.284359150325979,1.32863705,-6.54379225,6.5120583,2.901011411577784,7.023763563690699,6.668571490504522,not_hand_wash
1.4804382116386998,2.235705443275176,-6.9377740235,2.15471016238477,-4.141610264691701,3.890427811575907,1.79686335,-6.7940717,-5.26545045,2.6814317309173177,7.264673721856722,5.682285116190752,not_hand_wash
1.3694087059673,3.5990113787731834,-6.399766438325,2.5119376530658206,-3.7139064872398,3.5845216593290705,1.3292358499999999,-6.9898644999999995,-4.2296043999999995,3.850735398403516,6.875088453103777,5.161578917556246,not_hand_wash
-0.303991447375,3.221078267678878,-5.4708257866657,4.233736309086247,5.47543018768,3.3365103255558615,0.86759583,-6.9281927,5.6336846,3.2353911674773284,6.917691661451934,6.411913668531285,not_hand_wash
-0.43297522497929997,2.054435258340778,-5.54630480294,1.8318070694175272,6.084415388526999,4.714414386113423,-0.1526825,-4.973856850000001,8.236472,2.099564663486127,5.840977153412204,7.697130220032488,not_hand_wash
-1.0599051204517,1.9304290405198288,-8.256664556010001,1.921558084029482,1.9314084136359997,3.73009251368573,-0.6885681,-8.55800325,2.0591180500000004,2.202261370691962,8.477316501155943,4.200467666929273,not_hand_wash
-1.824257632184,2.67248643795055,-7.188913364449999,2.611794814257477,2.829525168272,4.912319333498838,-1.7794995,-7.49162135,3.6589910999999997,3.2357533388086295,7.648656582260055,5.668958803179925,not_hand_wash
-2.3395077662818005,3.2126194434805293,-4.460252051234,5.466305205749649,3.6071137693579995,5.144076580383339,-2.7434949,-6.7437762,3.1165191,3.9741942928248997,7.055093263943632,6.28273774798379,not_hand_wash
-2.787333307066,3.5617618637936137,-5.2516132189,1.7751519516990772,-4.0346954049944,5.244514532177927,-1.993255,-5.20258115,-6.4647565,4.522761826478821,5.543519266002984,6.616925244349401,not_hand_wash
-9.344589018274,3.097720687517488,-2.697746407521,2.9378086699679105,-0.1968969498483001,3.22861906693875,-9.49745,-2.3064039,0.0203576655,9.844654253874072,3.9885530535058806,3.234617363500667,not_hand_wash
1.8756176376417,3.6975861722000785,-4.281098598630701,5.901504029854465,4.6902074625597,3.801601192499655,1.8064434999999999,-5.59775945,5.2079699999999995,4.146092741784469,7.290785624717422,6.037401565960765,not_hand_wash
-0.3501458637870001,4.324737901080028,-5.5006952430860006,3.4436906634640803,-1.992617931158,5.835001921070668,2.59081235,-4.1715252,-2.3578968,4.33888926327525,6.489734473993418,6.165855466881361,not_hand_wash
-2.804231375092,4.363507066912857,-5.22611704095,2.8253147335313655,1.158378747871,5.931748359608798,-1.8220111,-5.81690365,4.564907,5.186897678579057,5.94093449460751,6.043796813695911,not_hand_wash
-0.3156863315163999,3.4812501813859775,-6.3080323796997,2.962417885194621,5.8207189584401995,3.3551010258228855,-0.4580475,-6.40009095,6.35937575,3.495534391950133,6.969016589868389,6.718442683138924,not_hand_wash
-1.2847567333490002,3.991091711160556,-4.5321038361094,4.112078930434647,5.488110600682,4.410202565527402,-0.45505372,-4.07452705,5.5678215,4.192781047321704,6.119571742483463,7.040542921842222,not_hand_wash
-2.4570672939736995,4.890707645504344,-4.788485899895,2.5987179059296177,4.9902183889042995,4.193512837593104,-1.84057255,-4.130211,5.3995715,5.473225827691553,5.448204471942334,6.518268902708509,not_hand_wash
2.4039457682000003,0.16123702391647388,-3.0707718933,0.33676828608479914,9.1547262415,0.18340370061725292,2.4117846,-3.065625,9.157955999999999,2.40934693108488,3.089183209068986,9.156563191187447,not_hand_wash
2.3443684610999997,0.13674528426182242,-3.1839521346,0.2864650063520686,9.135111037,0.16774829854418982,2.3590941,-3.2057335,9.122629,2.348353200472243,3.1968130059933424,9.136651090524563,not_hand_wash
2.2368464525,0.09562689379799855,-3.3201952167999997,0.1109601637354074,9.106721635500001,0.08225623840299222,2.2369483,-3.3224907999999997,9.105865,2.238889580769737,3.3220488310074234,9.10709311664485,not_hand_wash
0.08566745431049992,1.3935529283777017,-2.09751379622,0.9524501298354646,9.740186380299999,0.5918355095892059,-0.7532337,-1.6453785,9.963282,1.3961836114630877,2.303633081711762,9.758150439165833,not_hand_wash
-0.955963662744,0.4252893350605195,-2.40917888691,1.348316195204246,9.6932823143,0.5745401021702325,-1.1340418,-1.7663269,9.930948,1.0462970625033519,2.7608150012963493,9.710294452472745,not_hand_wash
-0.354377868038,0.6060830149609479,-3.2462394104,0.5704159281420751,9.470199419100002,0.41997979730077795,-0.29099488,-3.309917,9.474697,0.7020828258683662,3.295974004859918,9.479507374735398,not_hand_wash
-0.29941815672600003,0.07866453310938414,-3.488253738,0.08301909114341928,9.397159692,0.06190895247032239,-0.2933899,-3.4961297,9.393267,0.3095792973480509,3.4892415092918476,9.397363619406535,not_hand_wash
-0.6913152024000001,0.17771042144050336,-2.9465422303100004,0.5201450710199418,9.596027749500001,0.1922084942024624,-0.71730834,-3.0776001500000003,9.568702,0.7137910779478224,2.992099933141701,9.597952525117927,not_hand_wash
-1.21172300906,0.5092483109844632,-1.4160804462035999,1.3869715677274446,9.909737008,0.31667770544180707,-1.3633649,-0.71072205,10.035131,1.3143844540034506,1.9821639588602433,9.914795627588532,not_hand_wash
-5.308009923856,4.253565527000583,-1.8126633469489002,2.651885976323984,5.914130727987,4.570232892333898,-1.9034418,-0.834065535,9.436377,6.802043005174367,3.2122029264658543,7.474220424759408,not_hand_wash
-5.3729724554764,7.895959368378756,-3.159458275725,2.8737447378128134,2.3218301280134,2.4633700912826866,-8.741222,-2.7069708,1.9459534,9.5506548128595,4.270899836586434,3.3851273757388793,not_hand_wash
-11.0269944481,2.9659469470110005,-2.508074032381,1.666688310034994,1.7499773079357,2.1641465953237473,-10.587184,-2.25610845,1.8441649999999998,11.418907471860523,3.0113593732251873,2.7831548760967735,not_hand_wash
-10.4810449505,2.7626015875314236,-2.3527701854157,1.6751355422008518,1.6445557284136,1.9675884300657136,-9.8794555,-2.14474,1.3358222,10.83901613550938,2.8881839675002645,2.564364984550063,not_hand_wash
-4.0673155741102,4.649668956731465,-2.6524326409994003,3.527147985182799,4.4443670905833,5.177832826140676,-5.6875727000000005,-3.2775841999999997,3.710484,6.177578602218806,4.413181598848855,6.823661158888226,not_hand_wash
-3.160168396164,4.544749329916752,-7.048161674208,2.772454612052346,1.1918168022248001,2.3995060703142803,-2.5339305999999997,-7.8514729,0.778381345,5.535468432200884,7.573842324848388,2.679189554984945,not_hand_wash
3.3546499693,0.4790201200059031,-6.257799246599999,2.041633838654521,5.6187266136,2.3196384963204975,3.4703834,-7.05453,4.88045095,3.388677720276002,6.582425095805248,6.078717916797007,not_hand_wash
1.1545335375285999,1.5007586526929593,0.4203450921130002,4.9435513392076835,8.325936930800001,2.3950725216606163,0.76640624,2.07588315,9.4261985,1.8934688333614287,4.961389910080195,8.663578830926228,not_hand_wash
-1.9622275177556998,2.340951899831511,3.920577517039,4.023465244423068,8.0683956962,1.6301359153538255,-3.07281,6.69288205,7.73052425,3.0545691396271355,5.617757616717908,8.231424676991532,not_hand_wash
-2.9958185686767003,2.3647300219105776,4.002669204758999,2.631635566760165,8.3632357548,1.529080403436424,-3.5943255499999998,5.1115703,8.4364565,3.8166578275964578,4.790288771980573,8.501870333670022,not_hand_wash
-1.8199597768520002,3.107948083915011,2.5599597380899994,3.6982358984503425,7.438352277599999,4.260769723881553,-2.8913873,3.9170543999999996,8.73164225,3.6016100402001006,4.497815316487398,8.572236770273134,not_hand_wash
-0.3123344954662001,3.6012144704326534,0.6109994210100003,5.031609916028004,6.180286814151301,5.087686013227119,-1.6771124,3.33326835,8.652607,3.6147335308583477,5.068571656743732,8.005029298782064,not_hand_wash
4.9409540447,0.19538048052352006,-7.5926011012,0.41806239277764445,1.7469835327657999,1.0980594712929614,4.955894300000001,-7.608977100000001,1.8214124,4.944815507580327,7.6041020276031555,2.063416115632291,not_hand_wash
4.594958738400001,0.3153938338583792,-7.6924530548000005,0.3513859297484714,2.2648011237896997,1.2050295773174202,4.693041,-7.6568775,2.5848248,4.60577019379326,7.700474405640671,2.5654279199636245,not_hand_wash
2.934151606,0.5733045741083497,-8.2852778756,0.43207219688472337,3.06179895595,0.9455870561645314,2.84827695,-8.349637000000001,3.25902285,2.9896360617449633,8.296536377261758,3.2044886842431533,not_hand_wash
3.7155111526,0.14456056440314244,-8.3623412388,0.17785877036432535,1.1571333302552997,0.9030698448344397,3.700904,-8.375982,1.37773505,3.718322320869391,8.364232465464518,1.467819024483952,not_hand_wash
3.403641293,0.303502082451221,-8.3672665962,0.26976150081493117,2.2926049022000003,0.34293371713986176,3.4602044999999997,-8.371192,2.2752686,3.4171461141524135,8.37161403548959,2.3181114666777423,not_hand_wash
3.1093089572,0.25209460123456534,-8.523051821900001,0.24980389091747382,1.8835487415201,0.806844959318309,3.0213172,-8.566386000000001,2.1040246,3.119511801435565,8.52671181304437,2.0490862963914713,not_hand_wash
2.9806940176000003,0.25163605825115054,-8.5338617616,0.2486630224344641,2.21160534157,0.4908992109252251,2.9291089,-8.5717745,2.2189856,2.9912969649248478,8.537483813444387,2.265431575251825,not_hand_wash
2.8878702450000002,0.09827849755702991,-8.5080709934,0.2312077186927144,2.5056802049999995,0.4893072367696531,2.8836036,-8.532855999999999,2.4159759000000003,2.8895420424417475,8.511211960579853,2.553008981904293,not_hand_wash
2.8613489994,0.5074824612843566,-5.581311596447,3.6396438565129174,5.6263870749,2.9250046917169197,2.8842023,-7.8323128,4.324806499999999,2.9060035349046998,6.663185915077409,6.341284094185323,not_hand_wash
2.25229313139,0.4570528011152739,-3.7475229849622003,1.813859708361082,8.6136470013,0.9782470601109806,2.4525,-4.7445335,8.21910875,2.298199645965052,4.163413931431242,8.669018512704898,not_hand_wash
1.4227230338107,0.5801843336547772,-3.480416034854,1.3596022292568646,9.1086389004,0.6926121041688389,1.43761055,-3.2823744,9.2950705,1.5364747612486056,3.7365510832141817,9.134933724155928,not_hand_wash
-3.9677689753856002,4.8884762401798,-6.417109954220001,2.811145237759321,1.396606537441,2.2320499456006186,-2.7159521499999997,-6.9281927,1.0783575,6.296061514378249,7.005843112169035,2.6329748916536717,not_hand_wash
-8.7348182414,1.6390841908239233,-1.6940727514860001,3.7842670447113207,1.4390307158618,1.839879429323976,-8.8406155,-3.08598265,1.3471985,8.88727442441737,4.146149967501839,2.3358008724296777,not_hand_wash
-6.554404449935,3.982941607796106,-4.22523357278,2.692137886749584,-1.0140416817832998,3.585861750785349,-8.298743,-3.77215575,-1.24002135,7.669683275366797,5.010010493583797,3.7264842718223394,not_hand_wash
-0.9564905663123,3.052687983265765,-3.865063363958,1.2227020023927706,8.17853065606,2.750894498430861,-0.22992188,-4.00267635,9.084309,3.1990276845659884,4.0538518712535145,8.628776520087328,not_hand_wash
-0.243494450805,0.042428473293462166,-4.1937941591,0.04350150885035091,9.030464261499999,0.04928991740581297,-0.24429199,-4.191284,9.029223,0.24716335270189754,4.194019769883487,9.030598777167913,not_hand_wash
-0.24968078624000004,0.04184959995029631,-4.2108766364,0.055403701628578716,9.0177490965,0.05029671748947375,-0.24908203,-4.21104325,9.01545225,0.253163749445738,4.2112411017577145,9.017889360998879,not_hand_wash
-0.242951978764,0.04237077949154019,-4.2513512566,0.0444196154413315,8.998311112,0.04925332554152008,-0.24429199,-4.252357,8.998089,0.2466190319907688,4.251583306161407,8.998445907956528,not_hand_wash
-0.2437662856,0.04221989256572731,-4.2750392143,0.04453811037395619,8.978638431,0.04987510039029734,-0.24489075,-4.27511,8.978929,0.2473954755517617,4.275271210938371,8.97877695458959,not_hand_wash
