mean_x,std_x,mean_y,std_y,mean_z,std_z,median_x,median_y,median_z,rms_x,rms_y,rms_z,Activity,window_size,extra_cols,classifier,accuracy
-8.37038106435294,4.535195493528247,-4.23109228300076,2.842271439429684,2.17253167778347,2.7336910683328632,-8.4741775,-3.93561585,1.72022275,9.52004607798708,5.097121623295473,3.4918420279353315,1.0,,,,
-8.564652475594519,4.291523869358471,-4.40781179279734,2.6451939422834583,1.71643720943706,2.158111643412583,-8.558602,-4.042793,1.4795233,9.579689407751216,5.140608504157499,2.7574630658221047,1.0,,,,
-8.721620260062302,4.022191382149089,-4.27412395643512,2.5391804773288302,1.70680144746494,2.0456810501070186,-8.590935,-3.839815,1.5040723,9.60440958494397,4.97147594698199,2.6642038472750857,1.0,,,,
-8.739274547812299,3.966673888530253,-4.147271866448469,2.4987606734078267,1.64833099811238,1.9483080905320784,-8.6208725,-3.6631823,1.5040723,9.597365334298138,4.841866255608937,2.5520383020187825,1.0,,,,
-8.4425511466694,4.309759945305638,-4.19618079863617,2.5984259121158675,1.75826526864726,1.8991819386654356,-8.582553,-3.62785585,1.64238465,9.478960947819631,4.935559797591157,2.588124570240818,1.0,,,,
-7.4524692320414,5.19371292170768,-4.5593924562063695,2.850078800887408,1.63916250432097,1.939436284860964,-8.358019500000001,-3.8200562,1.5358063,9.083719038347512,5.376895827610887,2.539343777161157,1.0,,,,
-7.492599698258401,5.140820606330589,-4.4202009863885,2.7120041718001024,1.69396665891415,1.7937596264825617,-8.3843645,-3.6703675,1.54658385,9.086643315593228,5.185859946810271,2.467204215121161,1.0,,,,
-7.3151901825381795,5.075623010122563,-4.4151837787515,2.6951872409366397,1.59790218560175,1.7985611796613337,-8.297545,-3.6392322,1.4920971,8.903592328245303,5.1728021481454345,2.405849893849493,1.0,,,,
-6.78549880175218,5.3169078474226215,-4.6164966648693,2.784538552947988,1.42206667777803,1.7871832970955264,-8.123906,-3.7110827,1.3897100999999998,8.62047000148858,5.391261114952887,2.283921577783239,1.0,,,,
-6.697104857002182,5.234713599061111,-4.6406803740702,2.749073531289865,1.44109175434832,1.7340583234860605,-8.092771,-3.7098854,1.4585669,8.50020234640785,5.393822356614914,2.2547070128293845,1.0,,,,
-6.959849400247481,5.184052563298776,-4.439933667216,2.605659444022638,1.4041215139728,1.5867435089861697,-8.21851,-3.5757642,1.4681469,8.678358407738747,5.148055177200657,2.1187997048591005,1.0,,,,
-7.281669609794079,4.936537544139018,-4.250604258718,2.491213438946553,1.59097674641811,1.6506973747282778,-8.283175,-3.478766,1.6226257,8.79727885376454,4.926842900135898,2.2925987068342297,1.0,,,,
-6.86002869570973,5.37101498744746,-4.3305485745011,2.682505979882348,1.7162834495349104,1.9993090799902768,-8.1454615,-3.5530114,1.629212,8.71250800294302,5.09406412290011,2.634931816286527,1.0,,,,
-6.79748132362973,5.388835159561574,-4.369541528671861,2.760077731749492,1.76419018646474,2.1688431394450305,-8.071216,-3.62785585,1.6459772,8.674404689776814,5.168261047594968,2.795755278549299,1.0,,,,
-7.116454335992629,5.212446237306358,-4.18574054586836,2.713581955507598,1.8745326879263,2.196926381135705,-8.1041475,-3.5506165,1.771117,8.821197089572227,4.988381595926959,2.8879678533934943,1.0,,,,
-8.17006402162063,4.399102429255044,-3.70142388734446,2.320951844243078,2.0896886689741803,2.1359095564569857,-8.378377,-3.3416511,1.9579284,9.279118939880956,4.368907902107748,2.988127903320632,1.0,,,,
-8.20365764459063,4.4464218630792205,-3.71823417059486,2.3812641633433547,2.1448329153801104,2.1574363958567053,-8.393346,-3.3410523,2.0429516,9.331166386584218,4.415391756458601,3.042176858281765,1.0,,,,
-8.502769478719651,4.2718554422919714,-3.58707020775184,2.2767031318918725,2.24786617691298,2.129949903960465,-8.483159,-3.246449,2.1339624,9.515557667740024,4.248582095959438,3.0967061440651054,1.0,,,,
-8.97363582833152,3.737111784720506,-3.34136060456914,2.052737372285645,2.40508711389216,2.040826006858396,-8.6280575,-3.1111305,2.2495221,9.720706994401796,3.921533043255511,3.154269299803,1.0,,,,
-9.02635943126152,3.779001648931196,-3.26388878821648,2.064737957586807,2.38320130619292,2.0698443931314987,-8.6538045,-3.0177245,2.1848565,9.785500398290754,3.862138378585752,3.156565265857423,1.0,,,,
-9.095403648401522,3.80702387327541,-3.28636688506818,2.165058792683327,2.34930279876278,2.152057094099367,-8.765772,-3.0308971,2.14474,9.860010055727356,3.935439858395516,3.185996449548876,1.0,,,,
-9.141998516961522,3.783855965391628,-3.26066640909118,2.1585337871129378,2.26015598036936,2.09585438504832,-8.816067,-3.01832325,2.0645068,9.894124663200705,3.9103981308152873,3.082354726329475,1.0,,,,
-9.61112500497587,2.8805457571686133,-3.17525174994278,2.0047457821140324,2.16415293984772,1.88765897149582,-8.981323,-2.9213251,2.05552555,10.033507249233166,3.755160359614312,2.871726717450702,1.0,,,,
-9.718926151505867,2.7999599074884243,-3.16070212541572,1.899980399159344,2.2027932273700297,1.7648297896040073,-9.087902,-2.887196,2.0800745,10.114212822655418,3.6878128264321046,2.822573681734632,1.0,,,,
-9.82370514288587,2.7763044190558235,-3.1320131439141203,1.8459571544262343,2.23843027982696,1.7872355254644057,-9.211246,-2.83031425,2.0914508,10.2084792678259,3.635528042750903,2.864398879543181,1.0,,,,
-9.79344730459587,2.7635119068301317,-3.1140271454178903,1.8337863904242016,2.3112266585904,1.7876065463788855,-9.1621475,-2.8536658,2.1854553,10.17588365534355,3.6138535648396872,2.921866840229991,1.0,,,,
-9.79198287066587,2.7405088955696946,-3.0636515023831903,1.808651328259806,2.37634795859882,1.8001540153853215,-9.1663385,-2.8105555,2.2764661,10.168250466334436,3.5576930945868197,2.981205142127035,1.0,,,,
-9.82281563416587,2.7778597399480254,-2.98823353515324,1.7829654316082275,2.44190850457985,1.816527964484592,-9.202264,-2.7566674,2.3315516,10.208046420233282,3.479727775404901,3.043466935994859,1.0,,,,
-9.8789344127,2.775131282084544,-2.9498535864545405,1.787084143363485,2.47098799356162,1.8377758241197877,-9.226812,-2.7075696,2.3387365,10.261320517517834,3.4489572216801867,3.0794807426000967,1.0,,,,
-9.872649161335,2.827086374144499,-2.94534627939137,1.819421119410544,2.44783042951273,1.9104820068901205,-9.2489665,-2.71655095,2.323169,10.269450755988958,3.4619875671760725,3.1051272615304155,1.0,,,,
-9.880974966295,2.971951458715879,-2.89830977162467,1.7931867859717232,2.47930014792375,1.9251812137198745,-9.216035,-2.6866132,2.3195764,10.318244121821888,3.408184029901943,3.1389889979346304,1.0,,,,
-9.957769709934,3.3904406310695263,-2.90634781644607,1.9868838539009064,2.52197304815134,2.1726460135397025,-9.2633365,-2.687212,2.3620881,10.519138047810104,3.520591580835948,3.328774362397025,1.0,,,,
-9.970149564059,3.50871419665873,-2.89545406994662,1.948381834598902,2.52778947350199,2.1794574551682264,-9.244177,-2.6800268,2.3483167,10.569529679391623,3.489963616510268,3.337627064433028,1.0,,,,
-10.014068593802,3.7405874742051006,-2.90122043894784,2.028470713987101,2.52176360419912,2.3168159556430754,-9.316626,-2.6931994,2.3327491,10.68988140502745,3.540024501733291,3.424460227216206,1.0,,,,
-10.056936448021998,3.753589563521628,-2.88841882078826,2.033727501824913,2.5376403086793,2.396125105200349,-9.360934,-2.7027795,2.34053285,10.73458920177814,3.532564342791628,3.4901337876942997,1.0,,,,
-10.166232566272,3.7510282257835534,-2.90853782271766,2.0954362315220587,2.4984567116631404,2.4638065645221365,-9.5070305,-2.6860144,2.25790465,10.836166173612986,3.5847517719577957,3.5089355547568783,1.0,,,,
-10.247302775632,3.769132898730695,-2.89073396587746,2.158357524558583,2.4590471441228705,2.518075061804496,-9.582473,-2.630929,2.20222045,10.91849701120852,3.6076100212323774,3.5196043632630865,1.0,,,,
-10.171872594088002,3.789078660417807,-2.9734817707342303,2.32071073495566,2.40534984860291,2.5714628981546634,-9.529782,-2.6590704,2.1088147,10.85468144006042,3.7719082910679593,3.5210977451300645,1.0,,,,
-10.171184265088,3.85956574654616,-2.96459241707033,2.329922922585049,2.3696265756776604,2.581211614811098,-9.566307,-2.64589775,2.0680993,10.878843555557095,3.7705900101361007,3.503966824699336,1.0,,,,
-10.230841088583,3.840198196844874,-2.95900663268402,2.340442223363994,2.39476721587579,2.552836508851961,-9.610615,-2.6171576,2.090852,10.927819158957966,3.772716534961648,3.5002691695298163,1.0,,,,
-10.282306946973,3.755203222529736,-2.93278883348862,2.331851724803663,2.42189153061935,2.55476448915874,-9.6752805,-2.5926087,2.1058209000000003,10.94656966333595,3.746836373302864,3.520281264494679,1.0,,,,
-10.286850417964,3.4511732277014127,-2.91297807006742,2.3032425079352783,2.45522505446815,2.425252976323901,-9.708212,-2.5375233,2.1465363,10.850340463283588,3.713538378292825,3.451084187216543,1.0,,,,
-10.321351272509,3.37661881105581,-2.92362261524292,2.335085154395118,2.47600268643072,2.430810624439991,-9.73156325,-2.5279431,2.1752765,10.85964302754465,3.741683027012887,3.4697881196266844,1.0,,,,
-10.134738415686218,3.360734697551642,-2.8780019228258698,2.401737260458061,2.60131633520019,2.534952021857283,-9.610016,-2.4704626,2.2201831,10.677427614445044,3.748497957323973,3.6321933358368574,1.0,,,,
-10.16305832261622,3.4094259146192862,-2.87163703890598,2.414203210625621,2.5776463578961,2.474372214761048,-9.6189975,-2.45190125,2.2118006,10.71969866816117,3.751623172096548,3.5730629162605747,1.0,,,,
-10.13702709530622,3.424979836013476,-2.83902908754618,2.436514902631683,2.64547247224982,2.488312585849095,-9.607621,-2.43992615,2.3022126,10.699990897569556,3.741215181018004,3.6318348153965623,1.0,,,,
-9.96791896030262,3.606980934996248,-2.8239300448918803,2.5344515572236137,2.79111684357833,2.616469968771713,-9.541758,-2.45070375,2.38364325,10.600458474263595,3.794473032498222,3.8257350054585473,1.0,,,,
-8.39657718407058,7.373362698338791,-4.634496674026249,3.683134342136446,2.50731780491751,2.401224310011032,-9.957294,-4.077521,2.2465284,11.174479222286314,5.9198005037150745,3.471674057546923,1.0,,,,
-9.7324726169904,6.1762030050688175,-4.049961382746281,3.532918729075232,2.42122200241438,2.194047595180121,-10.2261345,-3.424878,2.1363573,11.526773477443244,5.37435595657626,3.267439492154548,1.0,,,,
-10.8077354364135,4.561806521724946,-3.53316287031582,3.396431988655402,2.3618903035576304,2.047067012060033,-10.585986,-3.0075458,2.0507354500000003,11.731036783045235,4.9009172735050335,3.125541418363216,1.0,,,,
-10.7154513839835,4.607043365977849,-3.2570276558838205,3.418327179473714,2.3519558828433,2.049947659512667,-10.512339,-2.8297156,2.010619,11.663865008585894,4.7215664622157725,3.1199329931238378,1.0,,,,
-10.6253108728735,4.674059619635452,-2.99994194910233,3.444607870505746,2.33079313016346,2.073056907820888,-10.4877905,-2.6752367,1.9627185,11.60793110218658,4.5678195103937735,3.119320688656599,1.0,,,,
-10.91019533157,3.6606694151210513,-2.6407765571412103,3.318115205223448,2.3765768018389104,1.9538104152575944,-10.4237235,-2.4495062,1.9543359,11.507947807485682,4.240706231264037,3.0766040424155845,1.0,,,,
-10.490664550196,3.632534247759778,-2.4909134800206405,3.2124799290551582,2.37773826644708,1.991935646010012,-10.0536935,-2.31179265,1.959126,11.101772280401304,4.065055628097944,3.101845721755369,1.0,,,,
-9.71655891122,3.5389657073812164,-2.75510329413454,3.223140690538937,2.49534630011992,2.0624787535985694,-9.619596,-2.454895,2.03157525,10.34097651835788,4.24019222115682,3.237371119684563,1.0,,,,
-9.0801042653,3.33042505495199,-3.02377478751184,3.3058295000753355,2.49388521853341,2.0308703399952006,-9.26154,-2.58961485,2.071692,9.671609199888673,4.48014761466189,3.2161930634045675,1.0,,,,
-8.52213405022,3.187162114840497,-3.2968565901366405,3.4014864571958574,2.52517986154592,2.045256700422947,-8.5753675,-2.7572662,2.1363573,9.098613691996912,4.737021584752831,3.2495550932061503,1.0,,,,
-8.19509365501,3.210925357374366,-3.66272911495464,3.585579853940351,2.65959662049923,2.0738029042289345,-8.067024,-3.1422656,2.3459215,8.801681752086635,5.125618739090853,3.3725528415963013,1.0,,,,
-7.851640787739999,3.2268710446410167,-4.23348298716641,3.6499392509298887,2.7418823071122804,2.1254061500668526,-7.5317375,-3.9320233,2.5099804,8.488872704808632,5.589672149429345,3.4691886499291678,1.0,,,,
-7.53522338184,3.0975879254208727,-4.79339855726387,3.598855162048249,2.74157742127023,2.1287755439983003,-7.21739135,-4.63376405,2.57165225,8.147063420026964,5.994032716475668,3.471013119183502,1.0,,,,
-7.366389593041001,3.247874426499493,-5.29682783011047,3.528508008192261,2.74030901877158,2.163934430294127,-6.970105650000001,-5.2163525,2.6105714,8.050613885088028,6.364491639220662,3.491690956681766,1.0,,,,
-7.471348211520999,3.298061455733841,-5.546115593681431,3.363530727851748,2.77114800957033,2.13478896534809,-7.159312,-5.4241204,2.6704469,8.16689986859122,6.486350062683884,3.498083077560848,1.0,,,,
-7.263823602565,3.8920866774291913,-5.86538475110789,3.1154264210524696,2.76421359032969,2.110984777602513,-7.180269,-5.607938300000001,2.692002,8.24084170663423,6.641432079267299,3.478093371983116,1.0,,,,
-7.476486129379,4.032433425347415,-5.91753666018176,2.974913992456262,2.78827671107048,2.048547846184181,-7.36887625,-5.58817935,2.7327173,8.494607946965868,6.623243418983418,3.4599183943561247,1.0,,,,
-8.221674781619999,4.700659458424153,-5.65881168010796,3.3051562243670185,2.64543690784381,2.0099724623765285,-7.877219,-5.407954,2.618954,9.470593199942584,6.553335585669204,3.3223975880219667,1.0,,,,
-8.76840038103,4.899856776830733,-5.368373529147659,3.39307193010334,2.62712207351937,1.963299529673477,-8.309521,-5.2091675,2.5608746,10.044572747285027,6.350777233639085,3.279682215152683,1.0,,,,
-9.20909068111,4.930149124886701,-5.06068872359976,3.407811516676847,2.60811579676524,1.9121474300582584,-8.7041,-4.9576902,2.51536925,10.445751364383902,6.101126919706319,3.233972140203868,1.0,,,,
-9.67473157519,4.993183309043487,-4.81093369213166,3.4610651148202702,2.5573786255775706,1.881138974455199,-9.202863,-4.705015899999999,2.4417224,10.887254502843629,5.926555046493149,3.1747234959560457,1.0,,,,
-10.14781295559,4.979664604904259,-4.504858337764289,3.4621529040737467,2.53487813485119,1.8399368625254733,-9.722582,-4.389472,2.391427,11.30376783904272,5.681571206498315,3.1322475663055003,1.0,,,,
-10.26105534935,5.494503192447669,-4.18906099951996,3.472559797434483,2.53903636811772,1.8957806713917305,-10.12674125,-3.9559735,2.3770568,11.63953702748704,5.441222620372868,3.168704787866314,1.0,,,,
-9.853930170892,6.048687031989871,-4.02307884128636,3.2910369457511623,2.45050351275638,1.9061411118192155,-9.969269,-3.7805383,2.3123913,11.562290198043728,5.197700216586672,3.1045678288932184,1.0,,,,
-9.3189490276135,6.248252970141504,-4.29897371410327,3.32018816218534,2.30155078122673,1.912718398288653,-9.439969,-4.2822948,2.07588315,11.219780575311654,5.431834351935498,2.9925954737848017,1.0,,,,
-8.492923196870901,6.499060486802071,-4.783709497645999,3.5297442038731126,1.92791959097148,2.1663609442505525,-8.884325,-4.869075,1.9172131,10.694275648170835,5.94499543335774,2.899998912073207,1.0,,,,
-7.376344732630761,6.867859925891684,-5.3303679133662,3.616216856591976,1.4505253771595803,2.3579889565686645,-8.286169000000001,-5.1600695,1.719624,10.078589265183815,6.4412612465063,2.7684175604636883,1.0,,,,
-6.06037502614919,6.60104271950641,-5.801845950886,3.376099455437378,1.05857384414621,2.4027409504676926,-7.7963875,-5.83007615,1.3915063,8.961133323543477,6.712634651969139,2.62559377257124,1.0,,,,
-4.559087448044689,6.815738616754584,-5.9829818770523,3.4510886496227657,0.8908002112463901,2.470032040675724,-5.7660093,-6.521638149999999,1.1579919,8.19997385671676,6.906959172363142,2.6257538533383693,1.0,,,,
-2.6616327444846903,7.337475858888702,-5.93229332446863,3.4647063142421164,0.85235104691599,2.471206249351128,-0.09340576,-6.265371099999999,1.0849439,7.805308504235281,6.86995589006831,2.6140701279825787,1.0,,,,
-1.4992977919246904,7.074449239099306,-6.02993072601233,3.3449641650485504,0.6796828322594901,2.446990505619201,0.19279908,-6.4569726,0.6682104449999999,7.231578382722751,6.895567404207324,2.539632116480416,1.0,,,,
-1.33620845644469,6.763208363311782,-5.7956435689697,3.4207187345518157,0.7345542864607201,2.444721524511609,0.19279908,-6.0791582,0.7472461,6.893942297745517,6.729844057588082,2.552691389919311,1.0,,,,
-1.5170363782446898,6.466718416031547,-5.57330109410403,3.4457370944203816,0.82120956567392,2.388665427488872,0.104782103,-5.53548875,1.09212885,6.642277203275946,6.55246436155175,2.525887502489955,1.0,,,,
-2.05838252302169,6.45514152493709,-5.27019784138003,3.5931474807428896,1.02494046488016,2.4371872357345348,-0.058079225,-5.1109715,1.8297949,6.775381223078763,6.378533852356331,2.643933542768445,1.0,,,,
-2.4501380247501903,6.6421684150820886,-4.77754495881003,3.674119128778672,1.2505778893605,2.517573353787647,-0.13891113,-2.90336235,3.0949639,7.079659426458371,6.026946756518468,2.8110710857356387,1.0,,,,
-3.45423618796879,6.852724120227016,-4.019605823660031,3.4719641916833397,1.7355625184598,2.4119579081284783,-9.307046,-1.6429834,3.2572265,7.674084669210674,5.311474967081457,2.9714841756378285,1.0,,,,
-4.44486081000893,6.921889404028542,-3.2722839299900306,3.0972943243277062,2.2795509682158,2.1030059433860213,-9.354946,-1.5986755,3.3206947,8.226137644238385,4.505671342872627,3.1014491152702344,1.0,,,,
-5.3998059905755005,6.887835690408431,-2.49258879453603,2.435470491898639,2.7856013507158,1.6470949877246173,-9.378897,-1.5663428,3.3602123,8.75215317701417,3.4848981929972616,3.2361237281193755,1.0,,,,
-6.66668917292,6.198855196158756,-2.05372613473003,1.6419108070430253,3.0241973873188,1.2291891609699443,-9.399254,-1.5483801,3.3715888,9.103326330044045,2.6293843642111034,3.264456437281994,1.0,,,,
-8.418601531699998,3.773008567933833,-1.9011449486316,1.3880396214230737,3.1118228891742,1.0401569702706392,-9.411229,-1.5519726,3.359015,9.225423860356967,2.3539341762988526,3.281062056162769,1.0,,,,
-9.42289620835,0.0696541784966348,-1.520224756087,0.1579240237704696,3.34336846766,0.1422174147037749,-9.419612,-1.5459851,3.3554223,9.4231536471565,1.5284054783674503,3.3463918634236784,1.0,,,,
-9.42487246,0.0708126393473456,-1.494082279934,0.17941178675881,3.3549954490900005,0.1379075798120361,-9.42081,-1.5376025,3.3721876,9.425138477346517,1.5048157523234424,3.357828608488561,1.0,,,,
-9.4296567533,0.0766617729667592,-1.472813907955,0.1887913851099469,3.35522213778,0.1504042681898379,-9.424402,-1.5232325,3.3793726,9.42996837282558,1.4848646384628506,3.358591525883836,1.0,,,,
-9.42222536415,0.1029564889137795,-1.4700310148852,0.256427873582662,3.37568051481,0.2064352326068752,-9.423204,-1.5256275,3.3865576,9.42278784922175,1.4922286818964905,3.381986759780316,1.0,,,,
-9.406041018,0.1201517168901257,-1.4884306324552,0.269859474046092,3.40937844011,0.2425453139882694,-9.419612,-1.53401,3.39015,9.406808389000496,1.5126962297049,3.417994964482037,1.0,,,,
-9.38710443925,0.1388524305447297,-1.5027219534912002,0.2851736140101296,3.45450503977,0.2914998650328625,-9.413624,-1.5531702,3.4009278,9.388131323690311,1.5295415194207729,3.466781971960525,1.0,,,,
-9.3671213575,0.151724770032178,-1.5246290772212,0.2969789918511411,3.4980493693899994,0.3193365894574523,-9.404044,-1.6034656,3.4152977,9.368350064551066,1.553283729622276,3.5125952297490945,1.0,,,,
-9.37497043437,0.7658573552565017,-1.5427003376181,0.670570716299735,3.4686158963297,0.7676659398393842,-9.389674,-1.6393908,3.4164953,9.406200515293737,1.6821383466426711,3.552549398876893,1.0,,,,
-9.386352168460002,1.1248063350879016,-1.5646577570594895,1.0926538060869848,3.42377813715105,1.165458226640636,-9.3615325,-1.660946,3.4152977,9.453507091117435,1.908414587211806,3.6167042470290336,1.0,,,,
-9.41785649485,1.41109191623378,-1.54554921314482,1.3351811594300749,3.38298305138239,1.509000570872154,-9.310638,-1.6399895999999998,3.4679883,9.52298279708877,2.042408161643899,3.704275509304484,1.0,,,,
-9.4415027632,1.6304457474075342,-1.53144949378194,1.5727336404091534,3.34635410236742,1.7165547434250945,-9.268725,-1.6441809,3.612887,9.581248758003966,2.195183057441813,3.760936846798475,1.0,,,,
-9.44133678996,1.8756254069790703,-1.58155485888685,1.785969210610446,3.30318160047915,1.88765957930657,-9.243578,-1.6896863,3.6871326,9.62584079697756,2.3855820658525047,3.80450619306788,1.0,,,,
-9.2730906182445,2.2719776329007644,-1.7646494317301795,2.072141960000926,3.3390672563821497,2.070175823409178,-9.216035,-1.7304016,3.737428,9.547360471804526,2.721720029558905,3.928740012074009,1.0,,,,
-7.533042240599799,6.138335294769045,-3.5872586969251,3.762304284727785,2.83175936413439,3.447461199224445,-8.26641,-2.9051588,2.44711125,9.717298265962008,5.198399608489695,4.4613730864522925,1.0,,,,
-3.3377123903478103,7.912960650973826,-3.3422595775957102,3.672494251704817,-1.15533395160047,3.2165648513416856,-7.13057185,-2.9446764,-1.4585669,8.58808885984195,4.965673480287964,3.4177603752468544,1.0,,,,
-4.04214116058429,8.069497581399142,-3.153937395588,3.1842667528842514,-1.23788620391824,2.840003007199612,-8.0556485,-2.6417065,-1.4585669,9.025280958413225,4.481838445193271,3.0980605763532045,1.0,,,,
-4.75747326047179,8.00066113655305,-2.8369069815177,2.8993356198195066,-1.02662188990334,2.5277227038205403,-8.53585,-2.2309606,-1.3106744,9.308282894608135,4.056376247112444,2.7282475276701947,1.0,,,,
-5.078925118572791,7.961784011513758,-2.6992151530499005,2.658822961687574,-0.8482943634077,2.1693508932283705,-8.7124825,-2.0525317,-1.14781315,9.443806701011288,3.788812740694804,2.329310332467532,1.0,,,,
-6.673602051558789,6.975818349272304,-2.4864329950961,2.5848978960740294,-1.05616541319101,2.0776228664572107,-9.051976,-1.8693128,-1.29510685,9.653963226810731,3.5866483201215176,2.330665603480434,1.0,,,,
-8.09045860287061,5.416847717854754,-2.3175405284973,2.6185858233831087,-1.32215364726999,2.0078503176442792,-9.2465715,-1.74656805,-1.50946105,9.736414103929192,3.496853702351664,2.404070124820316,1.0,,,,
-8.57103591483461,4.701604482752704,-2.25674702909208,2.525363630799508,-1.4179181435277397,1.8709516352795283,-9.3052495,-1.68789,-1.5735278,9.775875478218056,3.386793265181801,2.347541668064764,1.0,,,,
-8.67859875733729,4.718651741661337,-2.1240443849053494,2.4559938043407965,-1.35501439238251,1.913914794126663,-9.38668075,-1.6238233,-1.56993525,9.87844879775868,3.2470710056924106,2.3450232072925523,1.0,,,,
-8.85833299565729,4.801027641858286,-2.13716023147699,2.471539060679196,-1.29641772490308,1.9654984987595263,-9.491463,-1.6322058,-1.4861096,10.075709894584996,3.2674086342956525,2.354545235511272,1.0,,,,
-8.78299346525429,5.163534458521146,-2.2059534557101497,2.5389349252846074,-1.20490235205499,2.072307998771159,-9.616602,-1.6729212,-1.4208453,10.188378787375097,3.363394297965897,2.397133730053159,1.0,,,,
-8.70544884121132,5.175132856883807,-2.08504891814865,2.4000169208951023,-1.10226570627166,2.0204010563965675,-9.56451,-1.6190332,-1.3735437,10.127528800914163,3.17923107239088,2.3015234337088395,1.0,,,,
-8.58796547204132,5.133884014087143,-2.04743286106728,2.357479924976466,-1.0816467430581298,1.9863954035627545,-9.3944645,-1.5843054,-1.3891113,10.005494291591663,3.12244982621742,2.2617971562594863,1.0,,,,
-8.56927701441132,5.1390709743148655,-2.0580889021428805,2.3513740917020467,-1.16400727338643,1.979913216185359,-9.360934,-1.6142431,-1.4609619,9.992124850539236,3.124850404139582,2.296730126967895,1.0,,,,
-8.55094828825132,5.140484474387832,-2.03604274740102,2.357664443799863,-1.2549707144905202,1.9794080011580963,-9.33039775,-1.5938855,-1.5711328,9.977138731107758,3.115132693610725,2.3437166060079737,1.0,,,,
-8.07834890281447,5.637245695371704,-2.0691292245340898,2.586410514890769,-1.22904726276318,2.0820529272497024,-9.168135,-1.5878979,-1.5968793,9.850799968814236,3.312222078810323,2.4177472088650456,1.0,,,,
-8.48815902118265,5.315690340358499,-1.92308272985351,2.373398282436311,-1.25486102296231,2.005439626503553,-9.396859,-1.5304174,-1.6124469,10.015258726736173,3.054712194779152,2.365684738611788,1.0,,,,
-8.23890167502665,5.864664173541879,-1.9815989256685904,2.497132512448309,-1.18146744604142,2.1608701772495937,-9.456735,-1.5531702,-1.5747254,10.113050315269998,3.187852739217625,2.462767802490183,1.0,,,,
-8.702157967457149,5.508817767919782,-1.97997677930592,2.4002799145369447,-1.30370792543825,2.0351981413569216,-9.616602,-1.5507752,-1.595083,10.299253686103992,3.1115352665075364,2.416957970142049,1.0,,,,
-8.561828145367148,5.420718539612162,-1.92953527233335,2.3620964813138428,-1.3619633027780902,1.98143643367635,-9.474098,-1.5304174,-1.6753162,10.13356258561105,3.0500174022804805,2.404378168844131,1.0,,,,
-7.989972686083151,5.943843096427177,-2.02975091197117,2.5642600075808075,-1.39966174807368,2.0125190754469617,-9.21364,-1.5962806,-1.7184265,9.958360019566465,3.2703697269767718,2.4513845145261413,1.0,,,,
-8.109391594088148,5.900465984343028,-2.04155021537945,2.5275186698509957,-1.4755332122302602,1.9889047148345524,-9.210048,-1.6142431,-1.7794995,10.028844941400614,3.2490426141189994,2.4764773823085204,1.0,,,,
-8.17154163193815,5.937394295207056,-2.04528057793431,2.5751956477770235,-1.48560115597079,2.0085857573891155,-9.31483,-1.6202307,-1.7848883,10.100828860012216,3.28858712318908,2.4982849195814625,1.0,,,,
-7.767204254685749,6.5345816736053655,-2.1939741677761098,2.830207733238429,-1.39436312621555,2.174945824821001,-9.277707,-1.6890875,-1.7459693,10.150380267902651,3.581005230679157,2.583532052956941,1.0,,,,
-7.853253952572749,6.851138878054421,-2.2675385099945697,2.9344785870079004,-1.38443660832089,2.269086898910506,-9.436377,-1.7627344,-1.7555493,10.42169379563554,3.7084896483496186,2.6580857919311685,1.0,,,,
-7.459927199968,7.017497876726647,-2.5962972122878005,3.1054746137231697,-1.43005622160675,2.2990953900826727,-9.253158,-1.99924255,-1.7537531,10.241864589940906,4.047805799567523,2.7075635559771394,1.0,,,,
-6.433791857323,7.8239208135429426,-2.7054265173873,3.1470662725745697,-1.18343016365755,2.5489249643741085,-8.8370235,-2.13995,-1.6429834,10.129531803590243,4.150103464367938,2.81025362312089,1.0,,,,
-6.306576085259,7.693075405449781,-2.8106664300914,3.191901550131996,-1.14757528334329,2.6872114325831777,-8.668774,-2.1824616,-1.6908838,9.947678679626572,4.253008498342999,2.9219914979934773,1.0,,,,
-6.188110156209,7.592541548874414,-2.7410458466505703,3.160954211742797,-1.09705246645522,2.6464836491329606,-8.637039000000001,-2.0501368,-1.6483721999999998,9.794865720200624,4.183893385612839,2.8648559857842057,1.0,,,,
-6.014179527237,7.6991092814424436,-2.76866030186434,3.22168270514646,-1.09490533110732,2.7054379767496624,-8.58375,-2.11899355,-1.6836988,9.769679580898742,4.247907640210572,2.918597664997102,1.0,,,,
-6.4538016486129,7.297231723564311,-2.86986364919061,3.2253066919,-1.15628225728489,2.657450420638919,-8.731643,-2.1770728,-1.6783099,9.741721949790598,4.3172584613109,2.8981082444701416,1.0,,,,
-6.8968075710089005,6.996837876362289,-2.7794569309765,3.1245227811012146,-1.24765848000697,2.4988820974729973,-8.9513855,-2.0824695,-1.7076489,9.824545533490271,4.181868415047726,2.793038384950044,1.0,,,,
-6.724170850849501,7.053242149883254,-2.7982811858416,3.11895740100773,-1.19001562908534,2.51022194316097,-8.842412,-2.0285815,-1.64358215,9.744880628119764,4.190259283664433,2.778012131253968,1.0,,,,
-6.51936326986498,6.960923711196591,-2.8968682139021404,3.205229055748683,-1.15322848852988,2.595723439861096,-8.744216,-2.0728893,-1.6836988,9.537114676754364,4.320340119542924,2.8403725324332427,1.0,,,,
-6.52244254806798,6.70877701881696,-2.83194138962349,3.173147543506303,-1.2044949588370102,2.556140060349739,-8.71847,-1.9968475,-1.7040564,9.35681280570762,4.253087980176605,2.8257140892150674,1.0,,,,
-6.37223638535008,7.028768314189215,-2.17536714382839,3.6041671151391648,-0.93815956665955,2.782260071784456,-8.7735555,-1.6974701,-1.6190332,9.487306286050313,4.209779424660948,2.936173441668745,1.0,,,,
-7.37448236369508,6.33207104435441,-2.07362383940913,3.703978310297022,-1.16758339692735,2.6543099005706203,-9.084309,-1.5968793,-1.6872913,9.719985279988922,4.244922985227959,2.899760686168365,1.0,,,,
-7.039132207133981,6.723401067155535,-2.1619324001663003,3.838270339996175,-1.16094835564851,2.5725905553690804,-9.0849075,-1.6465759,-1.6262183,9.734141160849225,4.405254919500479,2.82241443626856,1.0,,,,
-7.06002444185398,6.761679378714455,-2.1951654518156,3.842924161808965,-1.1963287815996202,2.586190410211456,-9.0849075,-1.6741186,-1.6657361,9.7756970667113,4.425699659292293,2.8494882683656253,1.0,,,,
-7.264807114405979,6.655323409654282,-2.1456066300669,3.802826692530185,-1.22273004012968,2.543631218910124,-9.19448,-1.5837067,-1.658551,9.852449040549056,4.366362177420365,2.822255929013124,1.0,,,,
-6.492643476408079,7.486261632077804,-1.96179127557903,3.692880864291313,-0.9931894519081096,2.651159591596031,-9.050778,-1.50706605,-1.5639478,9.90951727056695,4.18162577077229,2.831090331920401,1.0,,,,
-5.31438008988808,7.970300619353423,-2.37996695463132,3.908501328957153,-0.78818715579983,2.885042143677593,-8.4520235,-1.7944684,-1.43162295,9.579578680853578,4.576092803210717,2.9907703294241146,1.0,,,,
-4.16459958954098,8.244669421042639,-2.7676207434814803,4.184659038919143,-0.2972188096630599,3.294187597039316,-7.380253,-2.26389225,-1.1549982,9.236799424231345,5.017080411131224,3.3075687362933506,1.0,,,,
-4.367738080913901,8.293530509047232,-2.58847244375104,4.085655408668986,-0.2690750547256602,3.256224275101812,-7.6455012,-2.11599985,-1.0921289,9.37335501557274,4.83660725203573,3.267322744210913,1.0,,,,
-4.2833864517639,8.254004798234595,-2.56164044123741,4.093968220311969,-0.2513749027631599,3.25753306115134,-7.39342515,-1.9986438,-1.09153015,9.299246996635494,4.8293454565921605,3.2672176214989417,1.0,,,,
-5.1780858728752,7.886932804646095,-2.79502671125919,3.3933519823757674,-0.50982181927446,3.0155379371833835,-8.10594375,-2.0249891,-1.28792175,9.434844056574144,4.396249764622787,3.058330809118029,1.0,,,,
-4.714899393024901,7.955015120521484,-2.9710982491131297,3.3583344474924983,-0.38623653582689,3.030134610995919,-7.828121,-2.169289,-1.2202624,9.247299165381856,4.483953062544015,3.054651276719316,1.0,,,,
-5.541364109606,7.669649886349511,-2.7753554582108,3.122685781994675,-0.4823019665011799,2.906360172999657,-8.400531,-2.0680993,-1.2747492,9.462042357462291,4.177770268036788,2.946106692244784,1.0,,,,
-4.948261474060301,8.112037075335497,-2.85079761519617,3.206799153456997,-0.31601444306293,2.995909796888468,-8.144862499999999,-2.3082000000000003,-1.1490106,9.502128031514156,4.290758424034227,3.01253060388051,1.0,,,,
-4.3120897993903,8.495450702013335,-3.0112084794168,3.25759480950479,-0.2233146138441699,3.0297154343679646,-7.7628572,-2.5369245,-0.9508228,9.527161228211936,4.436135756424074,3.037934336025688,1.0,,,,
-5.2209829492477,8.225231220268347,-3.0655154263618702,3.341974155091846,-0.4662592880260399,3.105686067627661,-8.087382,-2.523153,-1.1687695,9.742335016987065,4.534994606674242,3.140490992556278,1.0,,,,
-4.545614265447701,8.751608548418385,-2.87756890353651,3.263184232876179,-0.34944089345592,2.978157886722141,-7.968828800000001,-2.38963075,-0.92567503,9.8617068114496,4.350721104862044,2.9985885573490334,1.0,,,,
-5.9025870676625,8.65641103066633,-2.57209925117404,3.120521708072556,-0.99436923751572,2.744686983103364,-8.750802499999999,-2.07348815,-1.3244458,10.477308147762876,4.043927581997743,2.9192596348620032,1.0,,,,
-4.550390537916501,9.348741876048862,-2.68000673575514,3.0631791523542797,-0.89671950176912,2.7281411999423204,-8.246052,-2.2794598,-1.1472144,10.397356813755582,4.070074031649891,2.871734714710916,1.0,,,,
-3.3895966614474293,9.714621736031534,-2.99779912237622,3.1260741269113588,-0.80278947041172,2.721658877587827,-7.65747625,-2.7770252,-0.91190371,10.288986393298025,4.331182174079526,2.837586647092307,1.0,,,,
-3.7044097641816314,9.805597034830544,-2.97202619787129,3.1633381175109343,-0.91962989927982,2.759917244155816,-7.8143498,-2.8818072,-0.9873468,10.482002905477644,4.340466307498643,2.9090999202911623,1.0,,,,
-3.72246857246593,9.738664615326432,-2.8789549006955903,3.135195576558543,-0.98989594031152,2.730420242054056,-7.824529,-2.6896069,-1.0987152,10.425850601404557,4.256504742568885,2.9043224116588293,1.0,,,,
-3.2119017817379305,9.779065381949373,-2.87932493107935,3.220086062989719,-0.92379256272678,2.794497234575944,-7.277865650000001,-2.6417065,-1.0783575,10.293028359038557,4.319660439409067,2.943230791664478,1.0,,,,
-3.7426713993016314,9.535110525901668,-2.89302755622452,3.2080346079771647,-1.11173070330942,2.6829458726765494,-7.820936,-2.5554857,-1.2651691,10.243335489200344,4.3198488963219095,2.904159725702597,1.0,,,,
-3.22678982184463,9.485207995371685,-2.80781216199823,3.167832106530994,-0.58289745770801,3.2904714241911925,-7.4077955,-2.34053285,-1.099314,10.01904902023256,4.233080366852697,3.341701907654433,1.0,,,,
-1.74930801730223,9.521085833375416,-2.72174102894373,3.14706084155136,0.0977920015466901,3.6076838591343874,-2.9386889,-2.2489233,-0.557440775,9.680452158132898,4.16075307715582,3.6090090195267313,1.0,,,,
-2.81796345702723,9.21941243875042,-2.70578900144297,3.3158496810412585,0.0195572514657,3.80118491852238,-6.901249,-2.0680993,-0.9903406,9.640460764970044,4.279737518539093,3.801235229617721,1.0,,,,
-2.646636692800929,8.88178412259587,-2.73828462732125,3.1848275590772,0.1335210219315698,3.627665499884756,-7.06111625,-2.0992346,-0.94363767,9.26772760627309,4.200158244790488,3.6301218770658057,1.0,,,,
-3.94315620340413,8.47569114605657,-2.69353716025706,3.2287609648842395,-0.0483038310593599,3.644039033233371,-7.988588,-2.00044005,-1.2052936,9.348038363624006,4.204763941298712,3.644359166688077,1.0,,,,
-5.136585213493201,7.9595979071885425,-2.3995030085446603,3.1088081800995826,-0.12210611838457,3.648293177058031,-8.505313000000001,-1.7423767,-1.419049,9.473104374997522,3.927124009840911,3.650336013289068,1.0,,,,
-4.8070882464817,7.931665275908476,-2.41978355489191,3.160062066179456,-0.0271816742826699,3.653019933571807,-8.456814,-1.7507593,-1.3879138,9.274665032146164,3.980118680973181,3.653121059928041,1.0,,,,
-5.2444304284777,7.76649427416479,-2.3279967067092,3.0282680189857785,-0.0725542418810699,3.5970867553707477,-8.702304,-1.7088464,-1.4028827,9.371365099588068,3.8196826911748745,3.597818400597588,1.0,,,,
-5.6415338893157,7.498471317605679,-2.2775266992986603,2.918167619680755,-0.16442395803848,3.566558718559241,-8.795110999999999,-1.6573535,-1.475332,9.383708047741711,3.701733394312925,3.57034680821177,1.0,,,,
-5.2023813118767,7.762874841297698,-2.33138266496352,2.9741165740371964,-0.0734997955839398,3.5973132164010573,-8.659193,-1.7004639,-1.4196478,9.344891498343715,3.778983266231164,3.5980640067742824,1.0,,,,
-5.7178250797157,7.6680151039815,-2.4510370019025105,2.995887218678175,-0.55717770157374,3.157252980668055,-8.83941825,-1.7902771,-1.5220349,9.56514397576504,3.870778037001669,3.2060401393414137,1.0,,,,
-7.2779912169436995,6.867532411578381,-2.4795556970174,2.926768002303125,-1.2226920770484202,2.5723758945977537,-9.217233,-1.839375,-1.7507592,10.006605697137726,3.835905029314056,2.8481737409056658,1.0,,,,
-7.542627941030701,6.859566797536705,-2.33234677967894,2.679700006157017,-1.2929146481660698,2.288959665084314,-9.3806925,-1.8429675,-1.6950751,10.195336821639833,3.5525531134209154,2.6288713615970805,1.0,,,,
-6.8813941833637,7.614477509235716,-2.37146978188716,3.1599275282428825,-1.03074036228345,2.583803598738967,-9.364527,-1.95253965,-1.5483801,10.263228227292243,3.950824079878919,2.781809973973178,1.0,,,,
-7.400803625202499,7.2611110114388095,-2.3111324142488496,3.0704616299764225,-1.12404134202759,2.51664317936515,-9.4507475,-1.8812878,-1.6274158,10.368009809951396,3.8430544697348727,2.756258665443488,1.0,,,,
-6.996657252290501,7.586427612173272,-2.45893613489995,3.2836288932600213,-0.96456872709981,2.6921586808731903,-9.38787775,-2.0255878000000003,-1.470542,10.320227546947514,4.102265913390884,2.8597397070887105,1.0,,,,
-6.785392699208,7.792284315531644,-2.51647695711015,3.315872154415105,-0.90923287904694,2.687793457577211,-9.268127,-2.1453387,-1.4166541,10.33253351973976,4.162651128799029,2.8374175052210497,1.0,,,,
-6.285624453327,8.221933925760812,-2.5503333117859404,3.445200903748853,-0.7643291677474401,2.8419696066051943,-9.1765175,-2.22796685,-1.34420475,10.349360958428251,4.28644482857262,2.9429560515809907,1.0,,,,
-6.400341698007,8.29872042286754,-2.57647914149101,3.4576576272517814,-0.74606223382373,2.843386766999831,-9.3250085,-2.35849545,-1.260379,10.480130462363812,4.3120344425608055,2.9396355494325834,1.0,,,,
-6.9599169336480005,7.968171359365175,-2.4730328596598703,3.345994190306144,-0.77974267522832,2.751224597642759,-9.5178075,-2.2896388,-1.260379,10.579801441212762,4.160717323553709,2.859586583100217,1.0,,,,
-7.1190167639627004,7.658705878411437,-2.5898675412327297,3.508271782573554,-0.8605820094239301,2.6808657287632407,-9.504036,-2.3016138,-1.3352234,10.456393996861244,4.360663341916307,2.815606941780296,1.0,,,,
-5.98694935189502,7.895973789904789,-3.0489331506255395,3.759866832195213,-0.7844135628182001,2.611555441560011,-9.025032,-2.6560767,-1.2250525,9.90908495437493,4.8407222552864,2.7268161767663845,1.0,,,,
-6.19463814135452,7.682028368566582,-3.07031360868707,3.8083739182477294,-0.94062320300098,2.5506946702551367,-8.967552000000001,-2.6464965,-1.3723462,9.868490338333718,4.891884867500317,2.7186053981576257,1.0,,,,
-6.99339715300952,7.042849987367025,-2.89697263374868,3.385818426229555,-1.23937650214824,2.212534073960622,-9.202264,-2.4381299,-1.5914905,9.925187135982746,4.4560315142606814,2.5360128435230758,1.0,,,,
-6.46638304544752,7.456490835010703,-2.9289156091736195,3.47740710474174,-1.16204958411361,2.282898231274438,-9.07892,-2.49201785,-1.53820125,9.869820933687183,4.546526896188914,2.561636892749356,1.0,,,,
-6.54375043847512,7.387642977307041,-2.84058992318662,3.4156440795370577,-1.22374708341014,2.2091959340370657,-9.188493,-2.43274105,-1.6256195,9.869039394044254,4.442474039292287,2.5254907640141404,1.0,,,,
-7.04404044063912,7.079545738060991,-2.77021431079508,3.3259714219813667,-1.34458815326578,2.115790087807718,-9.396859,-2.3710694,-1.6825012,9.986915118626818,4.328530146316485,2.506887511949443,1.0,,,,
-7.29572130910112,6.754397686322163,-2.7609258265727004,3.2078292588573816,-1.41635120107326,1.916795566101652,-9.3735075,-2.2369483,-1.6495697,9.942305443158862,4.23236104010724,2.383307778489513,1.0,,,,
-6.47106889968612,7.193532742938734,-2.88651765582269,3.3533734277886564,-1.29274783585545,2.2845635545425846,-9.11903725,-2.27826225,-1.6178356,9.6758279246903,4.424601397140218,2.624962400083704,1.0,,,,
-6.34384702082612,7.1000176732635065,-2.8870973702856,3.314226046326678,-1.33927911373824,2.28336415629685,-9.051976,-2.1579125,-1.7447717,9.52127333838802,4.395386844369924,2.6471532662006387,1.0,,,,
-6.3014612829034204,7.130138988939042,-2.7030338926347404,3.2169891275013973,-1.26566435633212,2.3302589111613967,-9.048384,-2.03277285,-1.719624,9.515634308942284,4.20183427459893,2.651794271043042,1.0,,,,
-6.594330619348751,6.569215747502199,-2.5650450832020897,3.345114244163027,2.34849639617934,2.464842860510875,-9.13221,-1.7938696,2.1531227,9.308049841643058,4.215358298574582,3.404538977582542,1.0,,,,
-7.679608333213601,5.840159474551425,-2.26640135509505,2.8462403783123427,2.35362245716002,1.854337522571426,-9.510623,-1.6591498,2.12378365,9.647997037714957,3.638359437096927,2.9963488312384965,1.0,,,,
-8.2628365439289,5.439873205215163,-1.84165014887205,2.1595254658608782,2.264835730042249,1.6458696802751989,-9.675879,-1.595083,2.032174,9.892759384545082,2.838172917308261,2.799708536352525,1.0,,,,
-8.6256264401293,4.826711884736795,-1.7663702543663502,1.8241979941830195,2.2462061902423103,1.4382794820716185,-9.691446,-1.6250207,1.9902612,9.88425915802075,2.539244414681579,2.6672251719026416,1.0,,,,
-8.5903424129393,4.802404490050437,-1.74798620409402,1.8069078865229924,2.20140866701498,1.421203379865877,-9.691446,-1.61603945,1.9399658,9.84159903966832,2.5140349798843307,2.6203089829542745,1.0,,,,
-8.5876972339193,4.839361785447696,-1.8351107879419304,1.9981137979733012,2.17438817657078,1.4945046456700763,-9.696237,-1.6274158,1.9208057,9.857381309045357,2.7129486456017085,2.638466993983484,1.0,,,,
-8.6797070573193,4.870282144757357,-1.84448657058721,2.0188304080170085,2.19568900172878,1.5174119405282591,-9.710607,-1.6298108,1.9255958,9.952736446345838,2.7345579031007348,2.6690052809184293,1.0,,,,
-8.753829800889301,4.898848322302362,-1.85981086324071,2.059083794846332,2.17148253958578,1.5287484017420423,-9.718989,-1.6346009,1.9064355,10.031363370343149,2.7746571898573205,2.6556370413809858,1.0,,,,
-9.915498459602,2.452165020793005,-1.71007029107051,1.6134283190357537,2.0658933138311,1.1598082958273748,-9.748927,-1.6106507,1.900448,10.214216709643985,2.3510617476086235,2.3691919439340587,1.0,,,,
-9.904102477212,2.449808924517213,-1.67640002835448,1.5566810660164017,2.129908712940201,1.1764665761546902,-9.747729,-1.6022681,1.9279907,10.20258837970841,2.287700372942415,2.4332251704821157,1.0,,,,
-10.07383092379,1.6219016398387234,-1.59498792538204,1.333385807771243,2.19872888062853,1.096384121445802,-9.751322,-1.5663428,1.9699036,10.203559889098472,2.07891899661345,2.4569222275579814,1.0,,,,
-10.09796361769,1.7045242339159032,-1.5529604820030298,1.3590217222539336,2.22467149264553,1.1352859572757603,-9.760902,-1.5226337,1.97888485,10.24081403445046,2.063643937364469,2.4976063450786694,1.0,,,,
-10.13001951556,1.7537413421356929,-1.55458035319031,1.374575538825543,2.2297636635526,1.15617726957056,-9.784852,-1.4801221,2.0429516,10.280705427194302,2.075133245471924,2.511691038716973,1.0,,,,
-10.17604903376,1.8163482664016743,-1.55868553634044,1.4065938358936716,2.23216191610497,1.1764278706093467,-9.944121,-1.3962964,2.1034258,10.336880330271228,2.0995253797872886,2.5231982392304912,1.0,,,,
-9.845004044611,3.147480329024588,-1.67249578741504,1.7880361875192787,2.22793195232103,1.288546592748341,-10.050699,-1.3789325,2.15372135,10.33589556158554,2.44832913775896,2.573719702270695,1.0,,,,
-9.747861213858,3.434322724073111,-1.6722249101072,1.7324994098056794,2.2513835045851303,1.277315258649826,-10.029743,-1.3675561,2.191443,10.335152191318814,2.407880884711713,2.5884864215787755,1.0,,,,
-9.6501700457686,3.695324252717208,-1.7958856372587997,1.9669509637325808,2.200951218924029,1.3156456493477915,-9.988429,-1.3974938,2.1465362,10.333499080416544,2.6634754205438003,2.5641976801196407,1.0,,,,
-9.7960200306286,3.818437892823077,-1.85941592517448,2.0354569313752644,2.20526261283803,1.3063177267773114,-10.06207575,-1.4394068,2.1680914,10.513918222138877,2.756902700908408,2.5631326916244226,1.0,,,,
-9.53092633452673,4.606754292187607,-1.97045046744658,2.366908687196818,2.20369483323593,1.3997647820347985,-10.084229,-1.472937,2.1507275,10.585874640423627,3.079761643080226,2.610672779774528,1.0,,,,
-8.30479967706513,6.247802031261632,-2.26097771322311,2.9861112585170635,2.16592214191569,1.6249259789996426,-9.818382,-1.5495776,2.1112096,10.392532314023278,3.7455147400502864,2.7076933286597646,1.0,,,,
-7.756027056489129,6.74587931219448,-2.510309664178369,3.195004690599229,2.1657159307142204,1.7270831153495596,-9.6621075,-1.7160316,2.1327648,10.279243327973363,4.063214193593343,2.770043606132384,1.0,,,,
-7.69619922827833,6.925201171094012,-2.70779674688052,3.2680586447266733,2.18322807401099,1.7441619761981022,-9.624386,-1.9082318,2.1363573,10.353255228259073,4.244098317403766,2.794384694770032,1.0,,,,
-7.09170564069023,7.562519166374206,-2.87876449837167,3.475296445479105,2.19937098460624,1.845905806870276,-9.3771005,-2.071692,2.14474,10.367448337752874,4.512756410559382,2.87134131996968,1.0,,,,
-7.131550863025731,7.618342666530198,-2.91397535668094,3.5109428268923377,2.20493653133574,1.8545469321100168,-9.363329,-2.1136048,2.15911,10.435428246919122,4.562671576286262,2.8811611254175915,1.0,,,,
-7.1450303929422585,7.401257315226919,-3.06012950689431,3.5406080625440595,2.1848927324252503,1.9263048695242355,-9.196875,-2.20641175,2.1722827,10.287374259852152,4.67977542746628,2.912800491375517,1.0,,,,
-7.20164577999526,7.268779777719938,-3.04167743858297,3.4827481106249296,2.15003621663595,1.890204566548731,-9.1693325,-2.2387445,2.1219873,10.232246156026244,4.6239956793282335,2.8627834420800857,1.0,,,,
-6.73621408765806,7.169562921983841,-3.384644233207049,3.6476384757535207,1.9120100742477504,2.139946445309066,-8.884325,-2.4225624,2.02019895,9.837642640747244,4.97605094780783,2.869695682962881,1.0,,,,
-6.26564388238306,6.965538250908844,-3.4961709526325504,3.810068628765084,1.64520621567855,2.3324528703460143,-8.647218,-2.513573,1.8309925,9.368938914611329,5.1710573663353845,2.8543019960215665,1.0,,,,
-6.09239990605493,6.533851484337965,-3.8224718863111504,3.777616004005455,1.52277521309918,2.534581607291645,-8.284372,-2.81534545,1.834585,8.933563221620114,5.374167283901504,2.9568476919940183,1.0,,,,
-6.62650459148153,5.525390707181082,-4.14823501823383,3.540856183986418,0.91798176756492,2.964762281391445,-8.1580355,-3.2781830000000003,1.6561561,8.627891142563684,5.453945020091079,3.103627862799118,1.0,,,,
-7.80373045913,0.6960358895421078,-5.23370361859417,1.0377469065313472,2.74559817903794,1.3247237970957442,-7.749086,-5.3384986,3.0326935,7.834709633310222,5.335594831815952,3.0484754385312374,0.0,,,,
-7.69482784216,0.2152482573217641,-5.409973702219999,0.3471861864006626,3.08216703987,0.3233375418011922,-7.7526784,-5.3241286,3.1039453,7.69783783492227,5.42110262831644,3.0990806423194344,0.0,,,,
-7.76204909435,0.2646936213275551,-5.29027278086,0.4431247651178648,3.13043602385,0.3424997222638317,-7.777826,-5.2498827,3.1476544,7.766560941386551,5.3087988898967495,3.149116663315064,0.0,,,,
-7.575475874631,1.1995577510937965,-5.32920549925,0.8834644276823749,3.19986632278,0.4103334983496528,-7.796986,-5.2187476,3.2189062,7.66986137588715,5.40193860092991,3.226068515008549,0.0,,,,
-6.972487076261999,2.20179867926275,-5.660288446689999,1.4560081205221558,3.1582980043,0.4747355557053501,-7.795789,-5.2187476,3.2189062,7.311873457100021,5.844555153881154,3.1937783473209644,0.0,,,,
-6.322510270362001,2.7577887061737334,-6.04786559366,1.8082611568954643,3.04338927776,0.6353592542665127,-7.7754307,-5.219945,3.2165112,6.89779201387896,6.312407357776695,3.1090030038529446,0.0,,,,
-5.671795918799,3.081211500090133,-6.445788146829999,2.02569560815557,2.90530358813,0.7588852911340108,-7.733518,-5.237908,3.202141,6.454698540814488,6.756598813805278,3.002781348067255,0.0,,,,
-5.039648835669,3.226637040298863,-6.842642403190001,2.1426442921137343,2.7738179745,0.8175607824900099,-7.66047,-5.3163445,3.138673,5.984082801623697,7.170263567014911,2.8917938703726724,0.0,,,,
-4.732772228279,3.247311885639072,-7.051622706440001,2.200260004858148,2.6428269317291297,0.9079322303545506,-5.0510962500000005,-7.6880126,2.6740394,5.739700989370593,7.386915924995936,2.794436459465378,0.0,,,,
-3.4608531578612998,4.338201325482339,-6.773011999601791,3.1270781836276265,2.728586114734989,1.2862722341561537,-1.6417859,-8.575966000000001,2.43813,5.549549109675059,7.460047554357123,3.016567328253366,0.0,,,,
-2.5106182615886,4.356296084654313,-6.94610125660179,3.13751031270764,2.94764118728605,1.7883400508962222,-1.4771283,-8.790919,2.37526065,5.027973710412243,7.621830070876139,3.447716448118177,0.0,,,,
-1.9394641834606,4.405160248432226,-6.91064011927179,3.1879990879853515,3.1522588429080898,2.208234352981806,-1.411864,-8.794512000000001,2.2992187,4.813206637294306,7.610537763068011,3.848770553096303,0.0,,,,
-2.0550026789206,4.605055580885145,-6.8343967077317895,3.2611860184077432,3.0121700792838,2.2665259282740915,-1.411864,-8.794512000000001,2.1555176,5.04277432703589,7.572602762941767,3.769656266832734,0.0,,,,
-2.4312085147796,4.93818710816385,-6.55020883945179,3.354426035267832,2.8138170764971098,2.332733385068311,-1.4274316,-8.552016,2.017804,5.504222629724607,7.3591718193364,3.655025524643981,0.0,,,,
-3.2209056097186,5.331253257157648,-5.946773611401791,3.369840265865464,2.7250715440400106,2.3728111334192987,-1.5004797,-5.7875648,1.8238074,6.22868318657088,6.8351985927778935,3.6133429943772537,0.0,,,,
-4.0158903097686,5.569535030640662,-5.35452971069179,3.251537723328157,2.6979140589000097,2.38481478612314,-2.45669125,-4.430786,1.7663269,6.866374257031641,6.264462146817327,3.6008445999962126,0.0,,,,
-4.8050187055816,5.685858473495324,-4.75033430420179,3.0222460195582235,2.72722466715001,2.3801746876837027,-8.1514485,-3.7027001,1.8202149,7.444272384968706,5.630243956029954,3.619804681056934,0.0,,,,
-5.5826167594216,5.708233452050568,-4.123924730201789,2.655320801602339,2.77397760480001,2.367531969571733,-9.049582,-3.4152977,2.0728893,7.984330843952051,4.904842886351407,3.646938356879125,0.0,,,,
-6.028692740351601,5.713192762335824,-3.72568004568179,2.321448788101493,2.7745807907218203,2.353585151418897,-9.127419,-3.3602123,2.0309765,8.305763522830068,4.389739887347468,3.6383597443383775,0.0,,,,
-6.792239936830901,4.768011823007716,-4.0237850131468,1.655512963446,2.37487466464146,2.7415755752621105,-9.144184,-3.3949401,1.9142194,8.298702314447842,4.351042289401764,3.6271567801281575,0.0,,,,
-6.68040342204026,4.961191056776269,-3.9750118792668,1.488169479290729,1.2542799940604,3.303743560107109,-9.144184,-3.3949401,1.6741186,8.321130126553967,4.244451417957875,3.533827926547832,0.0,,,,
-6.148918171198262,5.342213515527393,-4.1311555371868005,1.603678422792233,0.1409093007827599,3.410396997516777,-9.129814,-3.4152977,1.477727,8.145455169698973,4.431504322028642,3.4133067708189566,0.0,,,,
-4.91434464046826,5.866569113314758,-4.2992372905868,1.6446712990560493,-0.7011552571629498,3.845664136307506,-9.085506,-3.4679883,1.3843213,7.652935149770825,4.603084288030238,3.909060161206143,0.0,,,,
-3.72894936207826,6.0382521428179,-4.5609008393268,1.7000016838745216,-1.46653344455926,4.081075770388496,-8.942404499999999,-3.6188745,1.2915143,7.096869188958523,4.86742459534281,4.336576966648109,0.0,,,,
-2.7248410177681595,5.899431196950236,-4.9716816560498005,1.9230733956182893,-1.7035624192661605,4.286822528290752,-0.36104919,-4.6499305,0.78137515,6.498311089787986,5.330650032973178,4.612913645993937,0.0,,,,
-1.9390992968864396,5.496363338765622,-5.5612585847598,2.222695736318093,-1.72046239560207,4.287043485019419,-0.0946032719999999,-5.6318884,0.24129822,5.828388802654836,5.988987675960872,4.619386614814597,0.0,,,,
-1.4416958961032398,5.052355837967074,-6.041530055929799,2.210578786919513,-1.62856382011745,4.381125631332939,-0.0574804685,-6.1887302,0.18681153,5.254025748916814,6.433252986622062,4.674022027517412,0.0,,,,
-1.07877224345324,4.589153353698072,-6.4558495134998,1.9727397536706068,-1.48158674122745,4.5322059997159565,-0.0574804685,-6.6485744,0.18681153,4.714242044804594,6.75053294760258,4.768227185825177,0.0,,,,
-0.7120120041332401,4.042846238953914,-6.824467328779799,1.6906187326512356,-1.26552975384839,4.729708488407516,-0.0574804685,-6.922804,0.19399658,4.105065992874371,7.030757144203899,4.896091088122204,0.0,,,,
-0.96921243175164,3.858496753230361,-7.014366870723001,1.446430614980149,-0.8844716090838901,4.740460041162976,-1.04841975,-7.0227959,0.83705932,3.978362720083623,7.161948346717408,4.822266213010054,0.0,,,,
-2.03416852451498,4.151107145874598,-6.827543371173,1.741921513390214,-0.0522885439338899,4.564613807928655,-2.4662714,-7.0162096,2.0890557000000003,4.62271912651619,7.046249998691504,4.564913285853266,0.0,,,,
-2.89201781602101,4.0632542503902265,-6.798342692593001,1.9497552387635249,0.7620905450736399,4.213944096932638,-4.7415400000000005,-7.0724926,2.57225095,4.987364248929205,7.072411813307992,4.282301583373601,0.0,,,,
-2.9946066816013097,4.084143426844241,-6.618514209368,2.9431448977043235,1.84984087621364,3.622781758972934,-4.7415400000000005,-7.181466,3.417693,5.06437525352597,7.243399217804381,4.067733882699049,0.0,,,,
-3.76215343822691,4.159992548422935,-6.27935716959143,3.408666993782439,2.8091491836876403,2.498439677033192,-5.190606,-7.1527257,3.5332526,5.608862317413123,7.144881884104251,3.7594574018050335,0.0,,,,
-4.6371496349070105,3.986068811178016,-6.018841435248429,3.367837108734226,3.26212114245114,1.445600323432932,-5.464237,-6.99884575,3.598517,6.114891765515097,6.897012325176075,3.568079965911096,0.0,,,,
-5.3056934718987305,3.9336107743235456,-5.545159142128431,3.20590307945368,3.51381290690705,1.2554064803443388,-5.716912,-6.7509612,3.7027001,6.604822249055844,6.405201360330611,3.731343802926384,0.0,,,,
-5.7091275667019294,3.969521390505383,-5.169455662318431,3.090800484897188,3.59312206285243,1.2009962244356114,-6.1911255,-4.8457232,3.7386255,6.953505421192658,6.022982606825026,3.788524526734055,0.0,,,,
-5.9898286461519294,4.049749421031118,-4.86415210533843,3.0313932118517384,3.5692337783024306,1.1991010442237238,-7.994575,-4.524192,3.690725,7.230388480808215,5.731432675058573,3.7652719793440506,0.0,,,,
-6.279416568341929,4.105091459002816,-4.56222672115843,2.9436108720003857,3.52956195608243,1.1913871056552323,-8.108937000000001,-4.4008484,3.6374359,7.502189568755578,5.429434373948254,3.725212857991605,0.0,,,,
-6.607926787221931,4.1474402192693045,-4.20012479661843,2.8157008383210624,3.49322268356243,1.1868294197481497,-8.228089,-4.221222,3.5961218,7.8016637198547425,5.056601577946491,3.689331753656052,0.0,,,,
-6.71809660741193,4.151225243324273,-4.02622769760843,2.762346682975171,3.59360657488243,1.1043128550616286,-8.30473,-4.1361985,3.6236646,7.8971826018734275,4.882731681132316,3.759456755555594,0.0,,,,
-7.071817161935901,3.961156913881547,-3.6959980944984303,2.557864164871056,3.724277163900501,0.9723744170572708,-8.369396,-4.059558,3.6751575,8.105637671907294,4.494782642182771,3.849123588623548,0.0,,,,
-8.1807422193556,2.2541590014792967,-3.57127182227343,1.5696239175634985,3.6564002755505,0.69039132383154,-8.478369,-3.9481897,3.681145,8.485621725218332,3.900987268775889,3.721008351921242,0.0,,,,
-8.58428744475,0.5014614639710451,-3.4188600842784,1.1752690679155695,3.7317268738495,0.3826308789150542,-8.559201,-3.812871,3.7338355,8.59892170762942,3.615226363296113,3.751292024157793,0.0,,,,
-8.69735619353,0.4496479989196553,-3.0042988488814,1.3545291216872983,3.8324763647800006,0.3991282740303449,-8.783734,-3.0835876,3.7877233,8.708971700497546,3.2955364836228207,3.8532036626329225,0.0,,,,
-8.661529094870502,1.3585152836459469,-2.72692565019932,1.5775836790718123,3.8352389004360297,0.8029668979581926,-8.86277,-2.6644592,3.786526,8.767419805004652,3.150379939973708,3.918394219911311,0.0,,,,
-8.08341472914043,2.369262615370088,-3.00010840534332,2.2570871129588004,3.43811041413969,2.126200214345416,-8.861572,-2.6536818,3.7553906,8.423479033266169,3.7543431754830734,4.042441164853025,0.0,,,,
-7.52338060499243,2.845707668486092,-3.4206848515533195,2.770246218292093,3.1571345071271595,2.5611015325148925,-8.861572,-2.6536818,3.7829332,8.043587996787055,4.401743854838444,4.065309257109868,0.0,,,,
-6.96902111878356,3.209037738041889,-3.778108944763321,3.07961227163237,2.7820897773180304,3.071967302227065,-8.861572,-2.6536818,3.7805383,7.672364600188671,4.874230087110096,4.144515247288846,0.0,,,,
-6.2322896410243,3.824411102750542,-4.21221581641632,3.5711382574408903,2.42756270076273,3.2815447799140043,-8.853189,-2.647694,3.7529955,7.312151150821516,5.522299388644712,4.0818619291587135,0.0,,,,
-6.303414177694299,3.884791625555991,-4.136687798484321,3.630410740613121,2.04149153958722,3.3483676442336554,-8.88193,-2.5973988,3.6200721,7.404366027523724,5.503823042911914,3.921639145453982,0.0,,,,
-6.389833071894301,3.9520504663068174,-4.008625505639319,3.704427762827063,1.63724649197738,3.3519547563222085,-8.948991,-2.4806415,2.52973935,7.513232964237837,5.458192328460588,3.730439218634089,0.0,,,,
-6.4769947797443,4.018188179085487,-3.84749613559632,3.801569612106904,1.24491403112205,3.306647857272304,-9.044192,-1.6825012,0.49936157,7.622158330773329,5.408803752136255,3.533232372331046,0.0,,,,
-6.1039709669996,4.187129306909791,-4.13534407341582,3.7975699949722825,0.60599862189353,3.482454039837612,-8.932225,-2.396217,0.094004515,7.402061429004552,5.614499841682171,3.534787188688756,0.0,,,,
-5.051609446847601,4.588064861787101,-4.73327938031282,3.646947695931991,-0.4687116672464699,3.757767719260467,-3.9104681,-5.7684045,-0.2203418,6.824155418763952,5.97529590806666,3.786886433328702,0.0,,,,
-4.144077988640101,4.698823870523963,-5.215830669534901,3.42235889216554,-1.4697868413325,3.7400556029269496,-3.1320868500000003,-6.4060786,-0.61492125,6.265167846286097,6.238383601546592,4.0184934082239625,0.0,,,,
-3.7822365220661696,4.918587017250086,-5.1724749458309,3.2391658521305136,-2.05735626529616,3.659392092048582,-2.76505,-6.411467,-1.0597961,6.204660454457787,6.103006839489594,4.198078761255089,0.0,,,,
-3.38158208699817,5.134782080401646,-5.0005778080309,3.099630136396492,-2.7489318064336303,3.532435232592188,-1.20170105,-6.36296825,-2.4321423,6.1482586497577305,5.883322649373265,4.476016616242738,0.0,,,,
-2.97508727785904,5.284942753422171,-4.888352461480899,2.989208962798956,-3.3571417477445,3.261426487588898,0.96040285,-6.3450055,-5.8097186,6.064797129156772,5.729865618925454,4.680523843374313,0.0,,,,
-2.86731056027284,5.155823187626633,-4.6793088074779,2.570250481799649,-2.7534652189908,4.411730400012517,0.83825684,-6.2336372,-5.8264838,5.899490028055019,5.338737533811863,5.2004745778233215,0.0,,,,
-1.86549209173664,4.707240042500361,-5.0559364066599,2.452924752252708,-2.23026182466359,5.273537363194083,0.92567503,-6.3036914,-5.8432489,5.063414812362379,5.619549162379757,5.725754459244281,0.0,,,,
-1.13284268211347,3.976954147294921,-5.7895604672449,2.355300895390845,-2.03123905438078,5.407546217114018,0.93944643,-6.4426026,-5.8432489,4.135153785786487,6.250316208938065,5.776459831615368,0.0,,,,
-0.4102838504734698,2.8064711321809352,-6.5790827263979,1.8476054368721149,-1.7292000279254498,5.586335432165554,0.93944643,-6.5743284,-5.8432489,2.836302708408303,6.833591688939764,5.847843730576739,0.0,,,,
-0.2366941517181699,2.0644305863175187,-7.016408264180001,1.423690860068156,-1.20159075691693,5.650998321420591,0.8909473,-6.6773143,-5.653444,2.0779551889251318,7.15939107708854,5.7773352313853605,0.0,,,,
-0.83816570489017,2.369723339109969,-7.1634654586,1.438623141691512,-0.2719263238269302,5.509748244047887,0.15687378,-6.8401756,2.1177961,2.513585179136872,7.306495324050078,5.516454444512235,0.0,,,,
-1.49166055568717,2.563919886565725,-7.267187407350001,1.431238591299738,0.66986265518307,5.22176472840008,-1.1873309,-7.3664812,2.8165429,2.9662664071388054,7.406784506030405,5.264555333128533,0.0,,,,
-2.1343616516511696,2.626550930746288,-7.362783293360001,1.4152705743780796,1.61415993906307,4.729057956979826,-2.581831,-7.618557,2.999762,3.3844156736197912,7.497570848193539,4.996949216206855,0.0,,,,
-2.7966844246671703,2.5461880582808734,-7.446924879510001,1.3977114440110334,2.5600791293630705,3.955144525864141,-3.3739838,-7.7077715,3.1051428,3.7821313302565343,7.5769576639825855,4.711387626705476,0.0,,,,
-3.27110749647557,2.3771391511733406,-7.572953443930001,1.428312093571482,3.3819153520103704,2.821061220451061,-4.085903,-7.826924,3.1518457,4.04362891442078,7.706471261256594,4.40405924775045,0.0,,,,
-3.1643890187919297,2.62630627791086,-7.846625023410001,1.260841323923073,2.98862631972477,2.3662513474873874,-4.0894960000000005,-7.9616438,3.1231055,4.112279480731453,7.94727910055486,3.811959170615223,0.0,,,,
-3.1531727831757905,2.622703876025906,-7.526645503114359,2.4791083931074067,3.08395001232191,2.4002671402209512,-4.086501999999999,-7.9981675,3.1207104,4.10135029251122,7.924416127029626,3.907944475414765,0.0,,,,
-2.9886991274002903,2.7160514921000143,-7.270798618825659,2.746809238824144,3.1068635236089097,2.923997487733759,-4.0625517,-7.9346995,3.1362782,4.038472258399452,7.772353153968674,4.266422654004747,0.0,,,,
-2.77854263026243,2.8116369822331664,-7.32828615495566,2.7829423959403297,2.8794794115565097,3.0237676646506437,-4.0625517,-7.935298449999999,3.1111305,3.9529231801347833,7.838912319195623,4.175472736273658,0.0,,,,
-2.44823327210451,2.8724135994442737,-7.422790749815659,2.831605827112025,2.72901674038651,3.048580423930358,-1.7663269,-7.95865,3.05305115,3.774202702679331,7.944546184376027,4.091622535190803,0.0,,,,
-2.07001071015081,2.804708678805939,-7.54959457861566,2.880419393130338,2.63390320987651,3.053834978792962,-0.8969348,-8.141869,2.8830048,3.485876520060402,8.080420421103367,4.032784918229237,0.0,,,,
-1.73575076676441,2.643561309351901,-7.684926114329661,2.951947210661684,2.40709869284027,3.162296563573297,-0.8358618,-8.5753675,2.1195922,3.1624748411055505,8.232380076092165,3.97419723630582,0.0,,,,
-1.52473972677321,2.4806024465953604,-7.68695182260256,3.047822820865593,2.2399810564940696,3.423266265318224,-0.81550413,-8.725056,1.85075135,2.911738266475085,8.269126451470067,4.090998295858613,0.0,,,,
-1.24498551866121,2.2234887440805307,-7.631009674164459,3.1638633698052603,2.2512935726170697,3.734056515130263,-0.791554,-8.778944,1.66513735,2.5483114285206465,8.260892207866355,4.360217977153631,0.0,,,,
-1.1870743057908102,1.9850359379010905,-7.658446777073459,3.2051906210315657,2.18835305800166,3.825685638735566,-0.8741821,-8.82445,1.53760255,2.3129014423938594,8.302111415442194,4.4073529144933214,0.0,,,,
-1.6379149377999098,1.8511231725149293,-7.58832168049346,3.1892791823473683,1.66465808721138,4.091725990075326,-1.1975098,-8.769364,1.2885205,2.471724568654408,8.23128954840014,4.417387024608117,0.0,,,,
-1.93781880457025,1.7463953087437976,-8.1351726592409,2.235761069371664,0.9499382734972798,3.675846256326074,-1.5890955,-8.818462,1.045426,2.6086468319319147,8.436804001218624,3.7966074887458943,0.0,,,,
-1.94688263654602,1.6008240157439328,-8.3987212061396,1.756788664883122,0.48896910336754,3.397615325680434,-1.55736145,-8.868757,0.77059755,2.520513743241031,8.580490913200762,3.4326200904479096,0.0,,,,
-2.13447816949088,1.550265420057256,-8.2952048702046,1.797285616349252,0.31658984783354,3.5653155174456543,-2.056723,-8.739427,0.18621277,2.638052298317537,8.487676915705617,3.579344055925616,0.0,,,,
-2.4153336074703,1.5088784461579323,-8.138064286284598,1.8398462193289704,0.2145177080469999,3.7858383725394047,-2.42914855,-8.58854,-0.508342885,2.8479028425589714,8.343447994593122,3.791911131613918,0.0,,,,
-2.62888779938,1.4768637570681795,-7.7577660797870704,2.187743164643677,0.42982481274854,4.338487157558301,-2.6393116,-8.368198,-0.82209047,3.015323799970836,8.060344577196433,4.359727077002943,0.0,,,,
-2.6859558459439,1.4840276719480798,-7.57118399944847,2.20853632188494,0.36632709645124,4.630130970145925,-2.7363098,-8.222701,-1.2382251,3.068663705502421,7.886726813995118,4.644599911972918,0.0,,,,
-2.611901003968,1.576753413157028,-7.595777616171571,2.174312497858039,0.0662527034325099,4.594745547812081,-2.721341,-8.206534,-1.4226416,3.050930707248426,7.900852639600028,4.5952231795475456,0.0,,,,
-2.6760585475,1.5124855504571006,-7.762536360909671,2.023242721754355,-0.3982239726897,4.256915648378218,-2.7794201,-8.286768,-1.6322058,3.0739066169923457,8.021875208801038,4.275501510914493,0.0,,,,
-2.8399366808628,2.0563184565619985,-7.6172337590585695,2.5194280933602555,-0.38505771182029,4.209129715126535,-2.7925928,-8.239466,-1.6082556,3.506235295314269,8.023077218733125,4.226705856833838,0.0,,,,
-3.3939923538128003,2.785531160290354,-7.18866154073857,2.7657733553474357,-0.0341660346229801,4.090746418248923,-2.87342465,-8.070019,-0.6843768050000001,4.390713830653084,7.702360482374455,4.090889093624789,0.0,,,,
-4.0572631946748,3.226143702297173,-6.74427488692677,2.905007816618177,0.1490623006972799,3.9081481033617256,-3.1722033,-7.7359133,0.023950195,5.183569023243973,7.343317653829486,3.910989793811666,0.0,,,,
-4.877506969147699,3.3612114571155214,-6.2323279680867705,2.945717503886145,0.4807259225760499,3.7703983291256415,-3.6943176,-6.92160635,0.499960335,5.923496998693342,6.893414503313855,3.8009210690186697,0.0,,,,
-5.546482507030699,3.465808296824292,-5.76435456153177,2.907435711182306,0.6715944891864501,3.6001447184675883,-4.45174235,-4.6577143,0.6286926,6.54028251309786,6.456079764509597,3.662250831362549,0.0,,,,
-5.7938475487026,3.701597588919638,-5.50285555138552,2.89985277519453,0.84105864653789,3.437799604352581,-6.3833258,-4.02962,0.69575316,6.875354109273412,6.220174060041877,3.5391871618498656,0.0,,,,
-5.959448180327601,3.681135997627489,-4.795255773791199,3.744536295479753,1.20352413614635,3.535532227751815,-7.54311395,-3.8673578,0.735271,7.00469734157293,6.084080045844488,3.734763510553048,0.0,,,,
-6.214248560362739,3.7433376759709858,-4.6010798044077,3.801535014373098,1.26710280423648,3.277096071836682,-8.769364,-3.805686,0.7472461,7.254616607810108,5.968383686730694,3.513532151631939,0.0,,,,
-6.90783747224984,3.5376736022479167,-4.1286081950817,3.606946503859146,1.4994335900778095,2.937794388762251,-8.986114,-3.6302508,0.79993653,7.761014950318083,5.482286813930615,3.298323356145755,0.0,,,,
-7.50906988192984,3.3679762047716446,-3.5981826203317,3.293866839511582,1.75504755816002,2.731217740348699,-9.087902,-3.4895434,0.905916135,8.229787008642074,4.878163273783598,3.2464969238548345,0.0,,,,
-7.3531204619693105,3.5871621531634323,-3.5383432961538,2.9098579963298667,1.5282022053304902,3.04776563285737,-9.086704,-3.497926,0.8813672,8.181449311785771,4.581173085601701,3.4094394455985664,0.0,,,,
-6.11444115149931,4.7244780425273385,-3.7930029679338,3.077211305830038,1.0266496694639602,3.697214214386437,-9.005274,-3.52966015,0.8921448,7.727035872148593,4.884270768035165,3.837108610773427,0.0,,,,
-5.66038939709991,4.721393154029431,-4.123397347763801,3.2388300602086124,0.9827906349079598,3.8776244957255,-8.792117,-3.64581845,0.96399534,7.370994603289102,5.243322023913509,4.000231138561023,0.0,,,,
-5.62671027156991,4.699851727267385,-4.1702048905638005,3.2417357270474243,1.06079917501536,3.884701008864741,-8.296348,-3.7362304,1.101709,7.331335126597921,5.281993880467671,4.026933922724335,0.0,,,,
-5.61833381396991,4.693620813183576,-4.186710287613799,3.2389662123259084,1.0755753678073596,3.88390497126836,-8.296348,-3.8020935,1.1220666,7.320911909260193,5.293339697865617,4.030084390887742,0.0,,,,
-5.948229433706509,4.550144702320442,-4.036350482088051,3.157923982030055,1.00129802818753,3.8188546831698154,-8.709489,-3.75239685,1.1711645,7.489008626518416,5.124900885922868,3.947942354242303,0.0,,,,
-5.358839556366739,4.983700913836703,-5.0470308791699,2.4114777707810937,-0.0303727998518999,3.1684132745227838,-8.6993095,-4.0565643,1.0083032,7.318089654374129,5.593545006010575,3.168558849878447,0.0,,,,
-5.00320885420665,5.063891067955355,-5.2510216404794,2.436097479668587,-0.16365839092419,3.1546417983507054,-8.258027,-4.2224193,0.9592053,7.118643942980281,5.788592160381539,3.158884129692203,0.0,,,,
-4.12277740298015,5.093555722061155,-5.3066881213076,2.6610375302984144,0.5118605792336101,4.05389733555436,-6.0965225,-4.71459605,1.0538086,6.5529843131405165,5.936502299711831,4.086084294258759,0.0,,,,
-3.3266372258952104,4.912830440870005,-5.6568145899976,2.69641381597466,0.7130933526959697,4.43999888377292,-3.305127,-5.5366864,1.0118958,5.933162577702615,6.266593873276673,4.4968980661745,0.0,,,,
-3.3610172512856704,4.720661978304524,-5.795924270717601,2.688296947427416,0.40421822169563,4.5263979515989,-3.48595095,-5.816305,0.91070619,5.7949190224583695,6.389027987842979,4.544410939493644,0.0,,,,
-4.04389647616367,4.206806534996822,-5.8685850918163,2.7572185608333477,0.7318194107438598,4.419803607679971,-3.893703,-6.084547,0.96818665,5.835265198156885,6.48402229885836,4.479980310269498,0.0,,,,
-3.78045809926093,4.24581082648847,-5.8883084380979005,2.9128665021024105,0.8998087150883499,4.526503305832716,-3.6236646,-6.146219,0.92807007,5.684960247406685,6.569396282859275,4.615071819751396,0.0,,,,
-3.4210013545989697,3.998053302688116,-5.706320963591531,3.214093213314391,1.59648972119195,5.09445520701629,-3.473976,-6.222261,0.99093935,5.2619084445953,6.54923614808611,5.338750161429821,0.0,,,,
-2.8595705731784102,3.581891781128594,-5.68234142974563,3.3277161103789723,1.56919380368095,5.715700093676843,-3.1087353,-6.331833,1.11548035,4.583349495151387,6.585035963112075,5.92719130401307,0.0,,,,
-2.22522306492481,2.988676041366379,-6.083517978677629,3.304337228793461,1.0453495036263505,5.969130463116056,-2.75846375,-6.8820887,-0.668809215,3.7260974449027455,6.922993248478899,6.05997310806178,0.0,,,,
-2.66966384567988,2.784339345091309,-5.97020553530763,3.2692438053068487,0.8770514816900599,6.11431951715252,-3.12250675,-6.680907,-0.688568125,3.857415020133792,6.806710600014891,6.176902335262146,0.0,,,,
-2.88034712713393,2.6274377952533645,-5.80310861364289,3.370797520616937,1.1906298325581,6.199961844658014,-3.2201037,-6.524033,0.19040406,3.8986957999713887,6.711061429217706,6.313250056301629,0.0,,,,
-9.270842543048978,3.1440289499229035,-1.81128165943665,1.6584795285890657,-1.05925786139364,2.2690312850810197,-9.484278,-1.5735278,-1.1735595,9.789455526021872,2.4558696212463307,2.5041026715373813,0.0,,,,
-9.4429046984015,3.0194965657848134,-1.7858527795106598,1.535467462332957,-1.06833881712849,2.2668839068184883,-9.54535,-1.5890955,-1.1873309,9.913919943890985,2.3551922380071573,2.506014859328682,0.0,,,,
-9.5452563386875,2.937762199205721,-1.77523517908486,1.431633937905894,-1.1728174728653802,2.0865758867858517,-9.586664,-1.5807129,-1.2196637,9.987109957857475,2.280577925269029,2.393595570679077,0.0,,,,
-10.065296390509998,1.6564595361375725,-1.60601603247519,1.1941091372180326,-1.0848400237630402,1.282276155606343,-9.677076,-1.4932947,-1.1891272,10.200688683793596,2.001295612385872,1.6796160324296665,0.0,,,,
-10.1402917586,1.752184768079178,-1.59313801220573,1.196571538899453,-1.10237168592768,1.3564178072320088,-9.722582,-1.475332,-1.20768865,10.290562103744367,1.9924538071531368,1.747882319182595,0.0,,,,
-10.25957019674,1.8894444425855703,-1.59443659204669,1.233665737780279,-1.12224891156966,1.4435421958275467,-9.808803,-1.4693445,-1.2160712,10.432103379637931,2.015975991580858,1.8284574620848857,0.0,,,,
-10.38901381424,2.0418624116604724,-1.5859731919741,1.2700481921067874,-1.13937521704797,1.5617061371708854,-9.9040045,-1.4741346,-1.2513977,10.587767004454786,2.0318300558693965,1.9331585408600915,0.0,,,,
-10.457401561229998,2.102747471738391,-1.5963623075460205,1.3221323345342204,-1.1376372711422702,1.6376094841273758,-9.992022,-1.470542,-1.260379,10.666714318041796,2.072777490946523,1.993986806173993,0.0,,,,
-10.55872441816,2.178328539821381,-1.58998844217752,1.368443782906792,-1.18881847885964,1.6954674749425522,-10.08902,-1.4501843,-1.2502002,10.78108420178827,2.0977849349335957,2.0707243501408445,0.0,,,,
-10.640173645570002,2.232319549643346,-1.58818487306894,1.3833211416222535,-1.21782180630287,1.7155870469789267,-10.153087,-1.4394068,-1.2250525,10.871823479968862,2.1061596738861232,2.103884233428413,0.0,,,,
-10.64341721941,2.2280982734678747,-1.56903393726507,1.376183791457118,-1.21238247715841,1.7127777793500054,-10.174043,-1.411864,-1.21726865,10.874132242283236,2.087043201315875,2.098446804747716,0.0,,,,
-10.59104353172,2.1778491283672565,-1.53654920946626,1.3263109479667194,-1.1978178848953702,1.6547325300419171,-10.142309,-1.3927039,-1.2184662,10.812642133942935,2.029799055031745,2.042769549252716,0.0,,,,
-10.58903255376,2.1648707126046705,-1.52030007963517,1.3125087797550743,-1.24125838970131,1.6192245992880183,-10.148895,-1.37174745,-1.2549902,10.80806530452525,2.008479929965161,2.040247703820135,0.0,,,,
-10.64500523722,2.181150010185672,-1.51390525771982,1.3326657461413678,-1.24811784513018,1.6705234039608117,-10.2135605,-1.3591735,-1.228645,10.866165462911662,2.016905332505778,2.085292928706473,0.0,,,,
-10.618515124,2.156905042719877,-1.49917720512107,1.317694122643302,-1.23428684690363,1.6406496423353296,-10.188413,-1.34420475,-1.2011023,10.835363528831286,1.9959584397485144,2.0530940722076885,0.0,,,,
-10.577218160409998,2.098273753411594,-1.45837553240198,1.2605687497501885,-1.23425187904211,1.5976631344270256,-10.168056,-1.3256433,-1.1999048,10.78333421336662,1.927665107417653,2.01888711720744,0.0,,,,
-10.49136724996,2.042787844911729,-1.4712597794943798,1.3522217565797825,-1.2307958661437002,1.542258404068856,-10.11955625,-1.3292358,-1.2160712,10.68839412413541,1.998276511828522,1.9731749666558809,0.0,,,,
-10.29413499570775,2.3882686706587024,-1.52745280507786,1.5533175763016192,-1.2841825278033498,1.5164006077280952,-10.019565,-1.3220508,-1.2502002,10.567546666710532,2.1785104003854925,1.987107336767075,0.0,,,,
-9.740136801536847,3.370565985538757,-1.65281758743777,1.6062966409378046,-1.47074568852164,1.8455213857571429,-9.876462,-1.38252505,-1.3172607,10.306841416046108,2.304776534944697,2.359881790597139,0.0,,,,
-9.55639557598785,3.4313831555049648,-1.60075309586106,1.692313846904778,-1.3941205113137305,1.9237715172093464,-9.83395,-1.3076806,-1.1999048,10.153772046123716,2.329449855724397,2.3758090938649947,0.0,,,,
-9.462805158360853,3.501174653114964,-1.53513890175816,1.8407456754902156,-1.33631108665789,2.0893140309945317,-9.821975,-1.2573853,-1.1274554,10.089742584264249,2.39687214709654,2.480112989449353,0.0,,,,
-9.32046783041085,3.5974974642516147,-1.6240277760257298,1.8921932618033268,-1.08025320196673,2.5821250556962854,-9.793235,-1.3388159,-1.05440735,9.99065105901614,2.4935640271140005,2.798984955946337,0.0,,,,
-9.339735160870852,3.6150956810859465,-1.62715136021484,1.91170034105272,-1.07349745079926,2.604464842273141,-9.8028145,-1.348396,-1.03165465,10.01496728195422,2.510422224055167,2.817025717225416,0.0,,,,
-9.382084375160847,3.66387051939576,-1.63924010180622,1.919385102038053,-1.08474015111505,2.6350900957473384,-9.81479,-1.3579761,-1.0418335,10.07211270814295,2.5241131672916914,2.849624713562616,0.0,,,,
-9.398340090900849,3.6767709192280607,-1.6399566914171002,1.9122222784113692,-1.07638943673853,2.649354987722038,-9.8249685,-1.3651612,-1.0226734,10.0919493090639,2.519137152236156,2.8596671258190054,0.0,,,,
-9.376762521530852,3.6665543397999305,-1.66185255887336,1.9034363250081916,-1.0748936272264895,2.647175541407617,-9.812395,-1.4034815,-1.01848205,10.068132702338168,2.5268208822143734,2.8570849929392765,0.0,,,,
-9.35869293592085,3.63555796405506,-1.6401006324955505,1.8120557304376643,-1.08438724505729,2.625446137163502,-9.80042,-1.3915063,-1.0214758,10.040040596474649,2.444069568347898,2.8405744342279946,0.0,,,,
-9.5114750639331,3.421779956687317,-1.5753321194817502,1.6126465283951406,-1.0332691455987195,2.6002340166836277,-9.807605,-1.40048765,-0.9538165,10.10825088548005,2.2543957310587155,2.7980103768151,0.0,,,,
-9.991531458934,2.422552859531811,-1.45726005150481,1.4859814321831015,-0.78514428348531,2.2830697432243854,-9.835747,-1.34420475,-0.8478369,10.281024426198664,2.0812851016871146,2.4143030046612464,0.0,,,,
-10.092003603293,2.211943573821603,-1.49921791960383,1.361035645204472,-0.8084369260887599,2.2032348695831296,-9.826765,-1.4406042,-0.96698915,10.331564794485374,2.0248635504592376,2.3468732718259058,0.0,,,,
-10.15822804694,2.042370625054047,-1.58128973006678,1.1429799465477313,-0.82048447327333,2.048280702890122,-9.82916,-1.4968872,-0.98974185,10.361509292748917,1.9511228481633145,2.206501440904734,0.0,,,,
-10.27737380055,1.791114309656779,-1.49870119395459,1.0423853420814224,-1.04781397878852,1.4118434283386596,-9.850117,-1.4406042,-1.0047107,10.432281759351058,1.8255608645419408,1.758185428300351,0.0,,,,
-10.24890396592,1.753830856384134,-1.49864563003174,1.0118592255593597,-1.02382043370028,1.3595849376563975,-9.8519125,-1.4435980000000002,-0.99453185,10.397882244738868,1.8082582273455357,1.701963420042975,0.0,,,,
-10.14591620969,1.5957393949211194,-1.5051317020455102,0.9465708204728692,-0.98560550253377,1.2281735777889782,-9.7603035,-1.47233825,-0.97058167,10.270637757732162,1.7780376145270649,1.5747471364647168,0.0,,,,
-10.07930820185,1.4963254905298955,-1.51793751208081,0.9155996720334924,-0.96927661853943,1.1513521910612363,-9.701027,-1.4944922,-0.96519285,10.18977152842448,1.7726976758629538,1.50502791705295,0.0,,,,
-10.02847247439,1.4102025440941577,-1.52704193936581,0.8683719700850502,-0.9524682517041402,1.096803338975649,-9.661509,-1.4980847,-0.9735754,10.127138361105152,1.75668066620302,1.4526435677386498,0.0,,,,
-10.01518514602,1.3722892251942338,-1.5438829978283102,0.8442129789503897,-0.93358196590812,1.0776141598410351,-9.659114,-1.53460875,-0.93884766,10.10876408007645,1.7596221937710437,1.425772620216411,0.0,,,,
-9.99766078951,1.3429101319340162,-1.5395354386651798,0.8206597333137835,-0.92262331465599,1.0445533254744708,-9.648336,-1.5352075,-0.9292676,10.087449077172918,1.7446064784898163,1.3936733586126204,0.0,,,,
-9.97476703898,1.308768106942764,-1.53575502082715,0.7860694484200005,-0.92433024481024,1.009124985210371,-9.63696,-1.53401,-0.92986635,10.060261002562129,1.7252387260130475,1.3684734696905123,0.0,,,,
-9.97080507732,1.306594420311993,-1.53975769740931,0.7810441892044746,-0.93552109356939,1.0042545531607152,-9.6309725,-1.5399976,-0.93884766,10.05605006297705,1.726523614730275,1.3724893165548848,0.0,,,,
-9.97704099227,1.3099278299207218,-1.53996235156226,0.7760587957136843,-0.95097866939547,0.9978899681275284,-9.6417495,-1.5495776,-0.93884766,10.06266653929448,1.7244568126322386,1.3784574052667489,0.0,,,,
-9.781854445269978,2.10753577255893,-1.6149808304536295,0.9999336544036632,-0.91669384501244,1.0817054470113676,-9.6183985,-1.5783179,-0.90232365,10.00631717571773,1.899481612425285,1.4178907854901075,0.0,,,,
-9.68224845739198,2.3653696763744656,-1.64802970483,1.1764382221067098,-0.78580015978497,1.576334396010511,-9.581276,-1.5962806,-0.8825647,9.966990965009511,2.024847845749318,1.7613381331146805,0.0,,,,
-9.68345806305198,2.364357094268063,-1.64761081558137,1.1814618268457713,-0.79031345445596,1.5881301548646594,-9.595047,-1.5890955,-0.90052736,9.967925788653432,2.027430257225746,1.773908888608589,0.0,,,,
-9.27962950841098,3.3191282093326566,-1.8168118812080696,1.422526970247873,-0.94362260682522,1.777412300924699,-9.54535,-1.6346009,-0.96160036,9.855360768807987,2.3074636276182985,2.01236629657477,0.0,,,,
-9.270466286180982,3.3184536015660138,-1.82566016104334,1.4220674521727217,-0.94061422284556,1.7737201771153492,-9.557325,-1.6357983,-0.9520203,9.846505952314487,2.3141544594408145,2.0076947932704967,0.0,,,,
-9.28455570832098,3.3244505084363776,-1.8351656345288696,1.4267847597759409,-0.9473208761277,1.7863604237199011,-9.577683,-1.6381934,-0.95621155,9.861792224740825,2.324553216617043,2.022004056815935,0.0,,,,
-9.05717555019898,3.753088986317244,-1.9401031766528,1.578422662463486,-0.97781785735907,1.895490112247566,-9.539363,-1.6717236,-0.97118044,9.803984184317006,2.5010834527133645,2.132840952297797,0.0,,,,
-9.05938698993898,3.7559158941452666,-1.9618755803188004,1.583208621552255,-0.94359925546517,1.91012327493028,-9.558523,-1.6980689,-0.92627379,9.80710950470977,2.521012759191952,2.1304812790411467,0.0,,,,
-9.04817291230898,3.747606970737608,-1.9702604240195705,1.57891147519268,-0.94020215975053,1.9030427052261951,-9.547746,-1.69028505,-0.92807007,9.793568862174968,2.524853972995845,2.122628474112744,0.0,,,,
-9.02971904673898,3.7793920632875526,-2.01999935173155,1.676720466334328,-1.00730629622162,1.9289171610939575,-9.541758,-1.7064514,-1.0394385,9.788750197603454,2.6252216864905504,2.1760945266165463,0.0,,,,
-9.264827217729,3.4935257711510377,-1.91665569582278,1.73491171897458,-1.06421531313127,1.934234397434144,-9.588461,-1.6836988,-1.1226653999999998,9.90160318777058,2.5852442300419582,2.2076722892948832,0.0,,,,
-9.360130671877,3.3363290274517463,-1.84439639981644,1.7009473372436927,-1.2164995165253698,1.544545744085952,-9.616003,-1.6561561,-1.1783496,9.936958165053817,2.508987828534099,1.9660856108726512,0.0,,,,
-9.427096135147,3.4186428424418245,-1.8004629997249402,1.935354627019312,-1.28419653991526,1.5949382740936833,-9.644744,-1.64238465,-1.2328363,10.027824311658147,2.643343440740077,2.0476788936010606,0.0,,,,
-9.540018432366,3.5649645062144426,-1.78652494356054,1.99775891467896,-1.1542740347652,1.7301108243812189,-9.687854,-1.6573535,-1.1843371,10.184346990379492,2.68005821861079,2.0798153793003347,0.0,,,,
-9.643462199486,3.655423266881805,-1.80303800505047,2.0765123639479084,-1.1798081756625198,1.781656893329746,-9.746532,-1.6639398,-1.1999048,10.313024893452756,2.750063571135204,2.136878241011763,0.0,,,,
-9.722657474406,3.743442622612736,-1.85847145038964,2.1675242543766804,-1.1972321823703,1.844390105532065,-9.793235,-1.6860938,-1.2034973,10.418417875734136,2.8551843242117583,2.1988951225303435,0.0,,,,
-10.054324207998,3.377301474339858,-1.79122397147146,2.1693021515274444,-1.21279537876883,1.8082382497129916,-9.909992,-1.6573535,-1.2346326,10.606394322676902,2.8132463704047663,2.1772914822063063,0.0,,,,
-10.147729371578,3.4707330342927087,-1.7809172444380397,2.3170446837466887,-1.34522415114841,1.8824382928097847,-9.992022,-1.6346009,-1.3873151,10.724849611724984,2.922389826497412,2.31369875806458,0.0,,,,
-10.276095831347998,3.581194741231984,-1.80527040129486,2.3862078755568925,-1.35620064542362,1.9732677678262955,-10.120155,-1.6842975,-1.4406042,10.882237881505594,2.9921546161856414,2.3943821487368333,0.0,,,,
-10.372930061298,3.616736088611855,-1.75178757891928,2.399641831296881,-1.3320410052643,2.0012438981063347,-10.18302425,-1.6393909,-1.3735437,10.98537473148946,2.971033597953029,2.40401962958154,0.0,,,,
-10.400025755848,3.617203379616557,-1.79222927951295,2.30663875820944,-1.33245043431694,1.9969769812548133,-10.209969,-1.6657361,-1.3585748,11.01111692844151,2.921073116376496,2.400695987328047,0.0,,,,
-10.465180345988,3.647893240305057,-1.83773608766093,2.2781791804303047,-1.34570602928882,2.00043271944068,-10.302176,-1.70705015,-1.32384705,11.082739948528832,2.927007739319696,2.410944997770193,0.0,,,,
-10.458411899648,3.642655748429669,-1.8743989270694896,2.1169461225157646,-1.28739412929813,1.9951634259518691,-10.299782,-1.7286053,-1.20050355,11.074625066532349,2.8275134347043847,2.3744600945072314,0.0,,,,
-10.82354400378,2.553570570204197,-1.7128257596030605,1.965025764287289,-1.28286227320041,1.784794996216152,-10.352472,-1.597478,-1.17535585,11.12069365906529,2.606740941688039,2.198005639328329,0.0,,,,
-10.80440947553,2.574780923190604,-1.71271834213588,1.9680162207280265,-1.29825374690723,1.7955468754626909,-10.323731,-1.6100519000000002,-1.22146,11.106969024776683,2.608925442502584,2.215728181285442,0.0,,,,
-10.78480528039,2.560297933611265,-1.6682302554139798,1.9500984236033947,-1.27576774672794,1.7648292248369997,-10.29618875,-1.5861017,-1.1687695,11.084545567806655,2.5662961728567177,2.177660565016975,0.0,,,,
-10.77451232315,2.5648557234347837,-1.65869939533236,1.951400368332985,-1.2790649695864,1.7540530898946718,-10.293794,-1.5663428,-1.1807446,11.07558579415768,2.5611027081329727,2.1708775733772057,0.0,,,,
-10.789524785489998,2.580374543648873,-1.63657180981781,1.8526941238942227,-1.21061016246397,1.7175114020146005,-10.310559,-1.52922,-1.0819500999999998,11.093790059407748,2.472011894268012,2.101290646605366,0.0,,,,
-10.759898152879998,2.558499989439485,-1.64246271955775,1.85264929987428,-1.22605863695884,1.6662894860078756,-10.274633,-1.51604735,-1.0789562,11.059897398091552,2.4758823100991085,2.0687533522490686,0.0,,,,
-10.75896984596,2.5553290667868978,-1.6560181714418198,1.8496884386864425,-1.21672548526181,1.6723401647392533,-10.267448,-1.526825,-1.04003725,11.0582611104026,2.4826887651004097,2.0681253668686765,0.0,,,,
-10.75909103197,2.5694577919985404,-1.64724281981515,1.8866510382251167,-1.2286725613011302,1.6721428564267076,-10.28122,-1.5052698,-1.043031,11.06165237110077,2.504568036102928,2.07501758912862,0.0,,,,
-10.73104391788,2.574391885044544,-1.6804603038122798,1.907276197702512,-1.20498976965373,1.6695195951529938,-10.2135605,-1.5507752,-1.0130932,11.035524325796782,2.5419774442373426,2.05895508051292,0.0,,,,
-10.76786518776,2.6008108235587075,-1.67198181479864,1.9668460956652143,-1.22748295502677,1.6655023506780977,-10.236314,-1.5226337,-1.0574012,11.0775059305655,2.581473756025974,2.068964109160795,0.0,,,,
-10.77830100659,2.6274288862992883,-1.69234762379307,1.990184605872823,-1.2426805516823098,1.667914851721619,-10.236314,-1.5112573,-1.0681787,11.093924244433028,2.6124462186256032,2.07995069800296,0.0,,,,
-10.78262976598,2.6022076904904328,-1.67406021319007,1.9922263118595405,-1.2036002997451305,1.6536908986520729,-10.243499,-1.4897021,-1.0232721,11.092185967366644,2.602199699302774,2.045323267806648,0.0,,,,
-10.78703540345,2.604212993326038,-1.64612554378798,2.0079613878171894,-1.22882344805356,1.647239045622441,-10.243499,-1.477727,-1.0585986,11.096939132476662,2.596466491383243,2.0550921001038787,0.0,,,,
-10.743862183,2.528009809014823,-1.59343547317054,2.0201495198283643,-1.1959825812639695,1.650286880023763,-10.211764,-1.4920971,-1.0310559,11.03727358552703,2.57294397327672,2.038092520241756,0.0,,,,
-10.69924560421,2.492723444526761,-1.56134101402246,2.0815325675251164,-1.1957334994222002,1.63313887540257,-10.17583925,-1.5034735,-1.03165465,10.985787485205618,2.6020306669477185,2.024085271917078,0.0,,,,
-10.66316152292,2.436622702547021,-1.52100732880877,2.0400201892167544,-1.19786458756459,1.6154231139586022,-10.145303,-1.4873071,-1.0562036,10.938013707179614,2.54463075252618,2.011087120751608,0.0,,,,
-10.60832815017,2.338223276778541,-1.4341865531198,2.040357737430229,-1.18421644938077,1.5864652447077257,-10.128537,-1.4274316,-1.1184741,10.862960656918457,2.4939829120988493,1.9797071934125867,0.0,,,,
-8.667486712209971,3.643250129376852,-3.4911185387847,2.2346589277358726,2.70430552914164,2.488789287223026,-8.963959500000001,-3.2739916,2.4836352,9.402052829650598,4.1450704668504565,3.675233395465129,0.0,,,,
-8.815915173504,3.5531427427274016,-3.5951648940681,2.1839936422754094,2.6155040719744,2.3017566477176734,-9.028027,-3.3123121,2.49980165,9.50500834805601,4.206547140475084,3.484098910167042,0.0,,,,
-9.3156831815106,2.7829910171389005,-3.3851661093681003,1.9488527314596509,2.67649575913935,2.027703742885296,-9.133407,-3.2302827,2.552492,9.722499274350977,3.906069195102937,3.357858248586733,0.0,,,,
-9.3031981812006,2.808340127004749,-3.4040896375978003,1.954136288382432,2.6928652384718497,2.017378879886885,-9.139395,-3.24106015,2.574646,9.717832611628952,3.92510826530604,3.3647200087947464,0.0,,,,
-9.406939766779,2.607586269802047,-3.3410092544372,1.8141339145070408,2.72423161181218,1.9935774374859967,-9.123228,-3.1745985,2.63512025,9.7616608182352,3.801765997270171,3.375764931693264,0.0,,,,
-9.482385280799,2.4936507864126365,-3.3933124088762,1.6103199125122851,2.63940468953421,1.739582690465552,-9.114845,-3.1757958,2.6045837,9.80479091353252,3.756021741798997,3.1611081999992576,0.0,,,,
-9.415027751893,2.4523512954360847,-3.4149769164283,1.5819320932457444,2.6787861156160298,1.693205187035886,-9.065149,-3.1799872,2.642904,9.729171313382368,3.763585589219276,3.169043839807592,0.0,,,,
-9.3474261683644,2.579054365795665,-3.4945398247232,1.7076652760132514,2.6197661283714906,1.783850117873165,-9.068742,-3.2302827,2.62434265,9.696695179016055,3.8894638809838393,3.1694314648527504,0.0,,,,
-8.0378933140303,4.66602858526586,-3.8846656338852,2.1742884043365147,2.62368521886022,1.9548007806092509,-8.832832,-3.3925452,2.6656568,9.294060021661744,4.451758882994556,3.271845078779883,0.0,,,,
-7.1487492574533,5.674113949486057,-3.9121575843652,2.17789631420846,2.7875760464525,1.986549104103252,-8.61728,-3.4141004,2.8105555,9.126893505333092,4.477522676698461,3.423004171450742,0.0,,,,
-7.1519695989833005,5.645394907332762,-3.8466717629971,2.1288243372026443,2.7619819099016603,1.93020557133728,-8.656798,-3.368595,2.78241395,9.111594416155716,4.396450467241214,3.3696049647170065,0.0,,,,
-7.1432742428603,5.589649990394153,-3.777436418334701,2.0379814951700954,2.70644009000292,1.8512280212415717,-8.646021,-3.31051575,2.71176085,9.07031167732536,4.292131692902377,3.279003377156693,0.0,,,,
-6.6203546594353,5.699882973803889,-4.009677629299699,2.345117481926677,2.7832211834718,2.200714025799637,-8.4400485,-3.37578,2.7422974,8.736003762119505,4.645114712786389,3.548163240252259,0.0,,,,
-6.4118985082321,5.689357416844069,-4.1859211290587,2.437669544574986,2.6842388580679994,2.2985614745251044,-8.355025,-3.4727783,2.6997858,8.572119358505669,4.843982711287117,3.5339104543456137,0.0,,,,
-6.421068199862099,5.680332258452098,-4.2072041114117,2.425661982625684,2.653586439433869,2.291788039437883,-8.3891545,-3.4961297,2.67104555,8.572997806700513,4.856377506849634,3.5062534719067098,0.0,,,,
-6.2806418552221,5.640784674948538,-4.196689855867201,2.5527847370155903,2.71271755576124,2.4118402369166625,-8.322693,-3.5134935,2.6776319,8.441854882826522,4.912119263604907,3.629849840660831,0.0,,,,
-6.2462661410471005,5.628573088811394,-4.1695850611139,2.5384155308890937,2.53246682825307,2.609744686090583,-8.331076,-3.49373475,2.5764423,8.408131523762176,4.881494954347813,3.636503205385663,0.0,,,,
-6.321276835765699,5.604476045551108,-4.0629049039849,2.480279700784165,2.56827883689253,2.544470613912552,-8.3699945,-3.3961377,2.574646,8.447999324073376,4.760145339477203,3.6152990041066544,0.0,,,,
-7.634560529309799,4.545019138857981,-3.5881380268354,2.125554867846683,2.55855805089738,2.4174974764498898,-8.644823,-3.1734009,2.5171654,8.885027487198926,4.170457768141163,3.5200161005957606,0.0,,,,
-8.4966161951968,3.059812037731662,-3.4729416591479,2.129741199284712,2.443058113944009,2.356194268755161,-8.765772,-3.06323,2.427951,9.030777179995535,4.073956472984911,3.394139711358731,0.0,,,,
-8.5042640941368,3.0821642843468617,-3.4513770232226,2.140760976137845,2.44872113726936,2.349277873485563,-8.734636,-3.0416749,2.4165747,9.045564905440004,4.0613865752207765,3.39342625306026,0.0,,,,
-8.5136064656368,3.0800081048407977,-3.3993003172840006,2.1555110021356967,2.48450452494396,2.355349483234955,-8.738229,-2.9782069,2.4489074,9.053615022609351,4.025105008247007,3.4235119282167226,0.0,,,,
-9.0415642135818,2.444266573339036,-3.084232026332,1.7139251917203018,2.39924601988398,1.9882473333046125,-8.93462,-2.8440857,2.4321423,9.366126334289198,3.528459544201332,3.116008492016994,0.0,,,,
-9.256060845295,2.1183144277539725,-2.816866296392,1.3924922450632549,2.52785509547478,1.85559130305938,-9.163344,-2.6369164,2.5878186,9.495362993937295,3.1422556204596863,3.135804596544149,0.0,,,,
-9.246657757475,2.036877549606231,-2.713529345724,1.3665868616215953,2.59695703757021,1.830180781659672,-9.229208,-2.4902216,2.74050105,9.468344619623986,3.038223355920706,3.1770658709793613,0.0,,,,
-9.365325586805,1.775214667186293,-2.5972121094295,1.0669472153387254,2.60206429750601,1.6025442856608385,-9.255553,-2.3998096,2.8883936,9.53208846273773,2.807826045481859,3.0559592267992794,0.0,,,,
-9.41472837194,1.6395269993909776,-2.49736398529506,0.9699293358449128,2.8196488283601298,1.2105395401479349,-9.255553,-2.3686743,2.9985645,9.55641978458167,2.679102422749339,3.0685217114327585,0.0,,,,
-9.42297394283,1.6621818244426745,-2.44447297286668,0.9997497051546632,2.83691117187104,1.238493884996256,-9.26154,-2.3435266,3.0105395,9.5684526619909,2.6410126065644786,3.095469609002782,0.0,,,,
-9.433444607339998,1.644700787453934,-2.42646170725763,1.010552897286728,2.8362053604153004,1.2582275361382438,-9.266331,-2.3339465,3.0279034,9.57574633331542,2.628485034197877,3.1027725310027154,0.0,,,,
-9.41823934664,1.598735507595973,-2.4267665933071303,0.9727932758003872,2.85997245702047,1.276042716532931,-9.265732,-2.3369403,3.06323,9.552967476854825,2.614483286585313,3.131729150059508,0.0,,,,
-9.42197952756,1.5787852977836037,-2.41175197656443,0.9669017252548656,2.88155924696206,1.2886310044762352,-9.267529,-2.3243666,3.0967603,9.55333770125695,2.598354583724721,3.156573072090996,0.0,,,,
-9.43304811072,1.620789336560594,-2.41779137771983,1.003812276471837,2.86649397528962,1.311897825106776,-9.268725,-2.3207738,3.0847852,9.571277591453857,2.6178911804297607,3.1524377256167293,0.0,,,,
-9.41822784976,1.6923114252065363,-2.47277228393096,1.0849701691222589,2.83169003057887,1.3959171439814668,-9.260343,-2.3327491,3.07460625,9.569061280495566,2.7003264684223494,3.1570640003238983,0.0,,,,
-9.4287768351,1.8276891425276771,-2.51626667688426,1.1526781728318705,2.78383119380367,1.4685290369637818,-9.244776,-2.3435266,3.0380824,9.604284471413369,2.767718367052756,3.147426511930046,0.0,,,,
-9.46018141156,1.939441969409882,-2.57254580355416,1.2407657308963305,2.74409159305905,1.5388792626937586,-9.233997,-2.4261549,2.82193175,9.656938826167112,2.8561322641556406,3.146138594570532,0.0,,,,
-9.46533214063,2.027297098057133,-2.66401171934636,1.2848103060121794,2.68379242576445,1.5700465454269137,-9.1591535,-2.5830286,2.6542804,9.680002378937424,2.9576504126163825,3.1093066653833965,0.0,,,,
-9.47827303048,2.0492016465579117,-2.6802523464227,1.292955315348794,2.62626513446128,1.59512828494396,-9.16274575,-2.6081762,2.569856,9.697261831495537,2.975816877429303,3.072735394060996,0.0,,,,
-9.45897623704,2.073646871321293,-2.71587203530828,1.311045677750278,2.66551327646985,1.5970081563331753,-9.125025,-2.630929,2.6201513,9.683606910641714,3.015758889784995,3.1073133215740767,0.0,,,,
-9.44076079744,2.130139450949904,-2.73952488934313,1.3220400906823295,2.70136408345099,1.5675919283151631,-9.075927,-2.6488917,2.650089,9.678091677338726,3.0418393482729877,3.123253490365113,0.0,,,,
-9.44846593317,2.174703743188876,-2.7440920716097303,1.3450318243479875,2.6690157509986903,1.5716849912558537,-9.078321,-2.64949035,2.6297314,9.695506426222083,3.056002602417128,3.09739225653097,0.0,,,,
-9.453434041279998,2.209934485768671,-2.7515993794997304,1.414892594385032,2.64944221455076,1.626138225585215,-9.0879015,-2.654879,2.574646,9.70830704109739,3.0940620871128144,3.1086764992441824,0.0,,,,
,,,,,,,,,,,,,10000.0,True,Decision_Tree,100.0
