275815588,-3.1530433,0.74604857,9.364527
275815598,-3.1961536,0.93286014,9.158555
275815608,-3.1614258,1.0861413,8.938213
275815703,-2.389032,0.2574646,9.19448
275815708,-2.4022045,-0.032332763,9.583671
275815718,-2.511178,-0.11496094,9.910591
275815728,-2.454895,0.1101709,9.893826
275815738,-2.5375233,0.3903882,9.690249
275815748,-2.6788294,0.676593,9.447155
275815758,-2.7027795,0.5388794,9.260343
275815768,-2.826123,0.4921765,9.523795
275815778,-2.899171,0.27662477,9.54535
275815788,-2.9003687,0.08023316,9.375304
275815798,-2.9027636,-0.17603393,9.292676
275815808,-2.9422815,-0.6514453,9.546548
275815818,-3.0620325,-1.0490185,9.976454
275815828,-3.1674132,-1.597478,10.242301
275815838,-3.1207104,-1.8573376,10.389595
275815848,-3.0380824,-2.1567152,10.477013
275815858,-2.9027636,-2.3087988,10.759625
275815868,-2.9039612,-2.186653,10.772798
275815878,-2.8333082,-2.027384,10.844648
275815888,-2.818938,-2.029779,10.897339
275815898,-2.8512707,-2.2381458,10.872191
275815908,-3.171006,-2.6081762,11.059003
275815918,-3.3374598,-2.9374914,11.009905
275815928,-3.4428406,-2.8883936,11.005115
275815938,-3.1578333,-2.635719,10.765613
275815948,-2.933899,-2.3267615,10.6817875
275815958,-2.718347,-1.9291883,10.522518
275815968,-2.703977,-1.6082556,10.708133
275815978,-2.8931837,-1.6214283,10.426718
275815988,-3.2201037,-1.705254,10.395582
275815998,-3.4152977,-1.595083,10.41594
275816008,-3.6009119,-1.3603711,10.268646
275816018,-3.5769618,-1.1591895,10.054292
275816027,-3.558999,-1.0621911,9.8590975
275816037,-3.509901,-0.98794556,9.762099
275816047,-3.4500256,-0.9304651,9.808803
275816057,-3.4703834,-0.91609496,9.825567
275816067,-3.4045203,-1.035846,9.82916
275816077,-3.4332604,-1.346001,10.036329
275816087,-3.5961218,-1.465752,9.962084
275816097,-3.5757642,-1.8034497,9.768087
275816107,-3.5242712,-1.8729053,9.647139
275816117,-3.6607873,-1.7914746,9.536968
275816127,-3.5410364,-1.6190332,9.461525
275816137,-3.5697765,-1.4238391,9.351354
275816147,-3.5649865,-1.421444,9.2256155
275816157,-3.4476306,-1.7627344,9.413624
275816167,-3.3278797,-1.8561401,9.469907
275816177,-3.2177088,-1.9088305,9.451944
275816187,-3.133883,-1.7591418,9.524993
275816197,-3.0811927,-1.5735278,9.554931
275816207,-3.150648,-1.5388,9.590856
275816217,-3.2620165,-1.6022681,9.472302
275816227,-3.2201037,-1.7016613,9.481882
275816237,-3.0979578,-1.9627185,9.490265
275816247,-3.065625,-2.1100123,9.451944
275816257,-3.0476623,-2.0417542,9.541758
275816267,-2.950664,-2.0645068,9.639954
275816277,-3.05365,-1.8537451,9.784852
275816287,-3.1434631,-1.5711328,9.663904
275816297,-3.1015503,-1.5495776,9.703422
275816307,-3.1805859,-1.6106507,9.595646
275816317,-3.2751892,-1.6214283,9.679471
275816327,-3.182981,-1.7004639,9.588461
275816337,-3.004552,-1.8094373,9.595646
275816347,-2.8392956,-1.839375,9.789642
275816357,-2.8955786,-1.9579284,9.83874
275816367,-3.009342,-1.9818786,10.021959
275816377,-2.9147387,-1.9399658,9.978848
275816387,-2.9710217,-1.8501526,9.953701
275816397,-2.8512707,-1.6082556,9.880653
275816407,-2.8452833,-1.4801221,9.756112
275816417,-2.823728,-1.5124549,9.763297
275816427,-2.8919861,-1.5735278,9.81
275816437,-3.0488598,-1.7076489,9.897418
275816447,-3.171006,-1.7327967,10.051897
275816457,-3.2177088,-1.8070422,9.988429
275816467,-3.2883618,-1.5795153,9.914184
275816477,-3.133883,-1.7088464,9.974059
275816487,-3.1434631,-1.8034497,10.081835
275816497,-3.2644117,-1.773512,10.036329
275816507,-3.2715967,-1.8250049,9.975256
275816517,-3.2189062,-1.6477734,9.861493
275816527,-3.1937585,-1.5232325,9.686657
275816537,-3.314707,-1.660946,9.715397
275816547,-3.3554223,-1.712439,9.747729
275816557,-3.3578174,-1.648971,9.85311
275816566,-3.473976,-1.6405884,9.863888
275816576,-3.6320472,-1.5543677,9.923763
275816586,-3.6955152,-1.6082556,9.778865
275816596,-3.7242553,-1.5376025,9.727372
275816606,-3.6380346,-1.4334192,9.626781
275816616,-3.4488282,-1.284928,9.625584
275816626,-3.2751892,-1.1148816,9.606423
275816636,-3.3302746,-1.1400293,9.619596
275816646,-3.3003368,-1.1819421,9.53577
275816656,-3.2524366,-1.0286609,9.453142
275816666,-3.1422656,-1.1172767,9.462722
275816676,-3.234474,-1.1268567,9.546548
275816686,-3.166216,-1.1268567,9.447155
275816696,-3.239264,-1.1975098,9.472302
275816706,-3.239264,-1.1412268,9.407637
275816716,-3.187771,-1.111289,9.44955
275816726,-3.1626234,-1.0981164,9.3872795
275816736,-3.1302905,-1.1867322,9.375304
275816746,-3.182981,-1.4537768,9.241183
275816756,-2.933899,-1.6118481,9.230405
275816766,-2.7422974,-1.6238233,9.183702
275816776,-2.5650659,-1.6465759,9.356144
275816786,-2.4165747,-1.7459693,9.348959
275816796,-2.262096,-1.8262024,9.402846
275816806,-2.2920337,-1.8824854,9.352551
275816816,-2.142345,-1.8681152,9.200467
275816826,-2.039359,-1.9136206,9.147778
275816836,-1.956731,-2.020199,9.230405
275816846,-1.8585352,-2.142345,9.321416
275816856,-1.9387683,-2.4141798,9.455537
275816866,-2.1567152,-2.6285338,9.5070305
275816876,-2.3327491,-2.8249254,9.625584
275816886,-2.4536974,-2.7794201,9.722582
275816896,-2.506388,-2.5447083,9.705816
275816906,-2.4010072,-2.290836,9.660312
275816916,-2.6201513,-2.379452,9.924961
275816926,-3.0392797,-2.5554857,9.85311
275816936,-3.6464171,-2.379452,10.306967
275816946,-4.135001,-1.6920813,9.958491
275816956,-4.0092626,-1.0442286,9.368119
275816966,-3.7649708,-0.87657714,9.141789
275816976,-3.6452198,-1.0502161,9.380094
275816986,-3.5697765,-1.5878979,9.902208
275816996,-3.5266662,-1.9758911,10.165661
275817006,-3.610492,-2.3016138,10.687775
275817016,-3.8966968,-1.7950672,11.182346
275817026,-3.6320472,-1.4286292,10.74765
275817036,-3.0740075,-1.2502002,10.283016
275817046,-2.8560607,-1.7160316,9.721384
275817056,-2.8680358,-2.1339624,9.095087
275817066,-2.7422974,-2.2824535,8.793314
275817076,-2.6692493,-2.1902454,8.995693
275817086,-2.6524842,-1.9998413,9.5214
275817096,-2.7854078,-1.8094373,9.599238
275817106,-3.0201197,-1.4801221,9.613608
275817116,-2.9937744,-1.355581,9.608818
275817126,-2.8764184,-1.1256592,9.581276
275817136,-2.7518775,-1.2298425,9.586065
275817146,-2.6979895,-1.5040723,9.52619
275817156,-2.6021888,-1.6010705,9.596844
275817165,-2.6536818,-1.4429992,9.369316
275817175,-2.743495,-1.2298425,9.298663
275817185,-2.8153455,-1.3040881,9.2328005
275817195,-2.943479,-1.712439,9.0639515
275817205,-2.9422815,-1.9507434,9.332193
275817215,-3.0033545,-2.278861,9.728569
275817225,-2.9530592,-2.327959,9.933344
275817235,-2.9255164,-2.0417542,10.080637
275817245,-2.7542725,-1.7591418,9.880653
275817255,-2.6345215,-1.409469,9.405242
275817265,-2.6105714,-0.984353,9.166937
275817275,-2.2992187,-1.1448194,8.678353
275817285,-2.0692968,-1.8788928,8.799302
275817295,-2.098037,-2.7267296,9.2184305
275817305,-2.222578,-3.4655933,9.20885
275817315,-2.2884412,-3.9242394,9.400452
275817325,-2.4680676,-3.6236646,9.750125
275817335,-2.44292,-2.830913,9.508227
275817345,-2.3004162,-2.039359,9.122629
275817355,-2.3626869,-1.5675403,9.054371
275817365,-2.4141798,-1.9411633,9.187295
275817375,-2.5902135,-2.459685,9.453142
275817385,-2.6716442,-2.877616,9.899814
275817395,-2.7662475,-2.9853919,10.051897
275817405,-2.8548632,-2.8512707,10.08902
275817415,-2.9937744,-2.7135572,9.904603
275817425,-3.2093263,-2.4201672,9.906999
275817435,-3.3003368,-2.193838,9.81
275817445,-3.333867,-2.0142114,9.789642
275817455,-3.3638048,-1.961521,9.590856
275817465,-3.2368689,-1.84177,9.469907
275817475,-3.0572424,-2.1148024,9.2256155
275817485,-3.3602123,-2.1710851,9.850716
275817495,-3.6452198,-1.6094531,10.289004
275817505,-3.749403,-1.22146,10.202784
275817515,-3.7517982,-0.8741821,10.157278
275817525,-3.666775,-0.85502195,9.675879
275817535,-3.5362463,-1.1064991,9.244776
275817545,-3.3386571,-1.5040723,9.254355
275817555,-3.0955627,-1.6453785,9.351354
275817565,-2.77463,-1.6465759,9.182505
275817575,-2.7925928,-2.13516,9.395661
275817585,-2.906356,-2.8225305,9.348959
275817595,-3.0213172,-3.4620008,9.777667
275817605,-3.1051428,-3.5853443,10.038724
275817615,-3.2129188,-3.3841627,10.129735
275817625,-3.241659,-3.197351,9.553733
275817635,-3.2943494,-2.682422,10.230326
275817645,-2.9362938,-1.5004797,9.13221
275817655,-2.1878502,-1.3100756,7.9299097
275817665,-1.9627185,-1.3627661,8.661588
275817675,-2.1962328,-1.7926722,8.969348
275817685,-2.7878027,-2.403402,9.237591
275817695,-3.1518457,-2.9099488,9.589658
275817705,-3.1554382,-2.9853919,9.695039
275817714,-3.0237122,-3.1805859,9.713001
275817725,-2.5566833,-3.5937269,9.691446
275817734,-2.029779,-3.8044884,9.618399
275817744,-1.6226257,-4.0164475,9.491463
275817754,-1.111289,-3.937412,9.14658
275817764,-1.0418335,-3.5446289,8.660391
275817774,-1.1927197,-3.3003368,8.070019
275817784,-1.3208532,-3.0668225,7.2161937
275817794,-1.4058765,-2.7027795,6.4821205
275817804,-0.7831714,-2.9099488,5.78996
275817814,-0.014370117,-3.5398388,5.7755895
275817824,0.25267455,-4.1050634,5.676196
275817834,0.24429199,-3.9386096,5.579198
275817844,0.1963916,-3.2356713,5.2187476
275817854,0.24189697,-2.9219239,5.229525
275817864,0.73407346,-4.006868,4.1948767
275817874,-2.1674926,-5.9037232,4.8307543
275817884,-3.1398706,-7.932305,4.4643164
275817894,-5.125342,-9.798025,9.177715
275817904,-6.500083,-10.783575,10.999127
275817914,-6.3851223,-11.078163,9.990824
275817924,-5.6390734,-10.1261425,6.998247
275817934,-3.9541771,-9.0076685,3.8931043
275817944,-2.6656568,-9.517808,1.5902929
275817954,-2.501598,-9.741742,1.2969031
275817964,-1.9243982,-10.095007,0.3185376
275817974,-1.5364051,-9.51661,0.16046631
275817984,-1.4406042,-9.796827,-0.6215076
275817994,-1.7351917,-9.917776,-1.341211
275818004,-1.7651294,-9.935739,-2.591411
275818014,-2.2608984,-10.650652,-4.076323
275818024,-2.7027795,-10.782378,-4.997208
275818034,-3.549419,-10.021959,-5.2355127
275818044,-5.20318,-9.548943,-4.460724
275818054,-6.6006737,-9.986034,-3.4404457
275818064,-6.0270667,-10.746452,-2.931504
275818074,-5.471422,-10.951227,-2.1950355
275818084,-4.1733217,-10.242301,-0.20836669
275818094,-1.7088464,-9.76689,-1.1795471
275818104,-1.3651612,-10.095007,-3.182981
275818114,-2.5291407,-11.624228,-5.1924024
275818124,-4.4415636,-11.595487,-4.2092466
275818134,-5.623506,-11.266171,-1.1328442
275818144,-5.2115626,-10.07944,1.2082874
275818154,-3.6212695,-7.4712634,1.4573693
275818164,-1.7543519,-3.3111145,1.2058923
275818174,0.17483643,-0.8346643,1.8621277
275818184,1.8585352,-0.6861731,1.8154248
275818194,1.8477576,-2.692002,4.678671
275818204,0.96040285,-6.349197,6.3959
275818214,0.30296996,-10.212363,5.037924
275818224,-0.70533323,-13.455219,2.838098
275818234,-1.8513501,-15.238312,1.219065
275818244,-3.1051428,-13.729449,0.31015503
275818254,-3.2332764,-10.758428,-0.17962646
275818264,-2.1734803,-6.680907,-0.2203418
275818274,-1.0322534,-5.163662,-1.1579919
275818284,-1.3016931,-7.1443434,-2.1112096
275818294,-4.157754,-9.16574,0.05628296
275818303,-4.5349693,-11.247012,-0.10777588
275818313,-5.4965696,-10.050699,0.11496094
275818323,-4.003275,-6.884484,-0.6478528
275818333,-3.0285022,-9.408834,-9.48787
275818343,-5.997129,-9.50224,-8.489147
275818353,-6.045029,-8.708291,-9.633966
275818363,-6.6725245,-8.067623,-10.75723
275818373,-7.7430983,-8.825647,-10.644665
275818383,-7.601792,-10.43989,-8.192164
275818393,-5.7049365,-9.948911,-5.060676
275818403,-2.8392956,-7.95865,-2.6560767
275818413,0.24908203,-6.3683567,-1.0274634
275818423,1.4597644,-7.7862086,0.5628296
275818433,0.44906616,-10.341694,1.6992663
275818443,-1.7339941,-11.460169,-1.2166699
275818453,-3.8428087,-9.472302,-3.9721398
275818463,-4.482279,-6.900051,-6.4940953
275818473,-4.758904,-5.640271,-6.5671434
275818504,-4.235592,-6.3048887,-4.1936793
275818514,-3.234474,-8.489147,-1.470542
275818523,-1.6705261,-8.582553,1.7974621
275818533,0.3556604,-7.804171,3.37099
275818543,0.10897339,-7.2832546,4.9061975
275818553,-0.1963916,-6.829398,4.555327
275818563,-0.3939807,-7.0641103,3.7781434
275818573,-1.3567786,-10.159673,1.0047107
275818583,-2.2513185,-11.405083,1.1076965
275818593,-1.9459534,-11.378737,-0.90411985
275818603,-2.630929,-10.472223,-1.526825
275818613,-3.0225146,-9.598041,-1.3376184
275818623,-1.7351917,-7.846084,-0.9017249
275818633,-2.430945,-6.646179,-0.6047424
275818643,-2.7878027,-6.285729,-0.91849
275818653,-0.4430786,-6.8725085,-4.3373804
275818663,-0.49816406,-9.843531,-4.9301476
275818673,-2.1435425,-11.838581,-3.0404773
275818683,-1.5352075,-11.086545,-1.9495459
275818693,-1.0765613,-10.908116,-3.6464171
275818703,-3.0213172,-10.638677,-5.9492283
275818713,-3.5314562,-10.812316,-7.9718227
275818723,-4.0535707,-9.84832,-9.364527
275818733,-4.7912364,-6.603069,-11.218271
275818743,-5.100194,-4.014053,-12.615766
275818753,-3.9445972,-2.530338,-13.504317
275818763,-3.3805702,-4.374503,-12.24334
275818773,-3.6368372,-8.624465,-9.068742
275818783,-3.410508,-11.468551,-6.3923073
275818793,-3.1183155,-11.595487,-4.1074586
275818803,-3.2739916,-9.769284,-2.398612
275818813,-2.8345056,-6.815028,-0.7807764
275818823,-2.3782544,-4.133804,0.82867676
275818833,-2.0333717,-3.5170863,1.8273998
275818843,-2.6572742,-5.442682,-0.97716796
275818853,-5.3073635,-8.26641,-1.5148499
275818863,-5.1876125,-10.043514,-1.5376025
275818873,-4.2810974,-11.590697,-4.5158095
275818883,-4.399651,-11.97869,-6.1887302
275818893,-5.415139,-9.666299,-6.828201
275818903,-4.1565566,-7.5586815,-3.7314405
275818916,-3.5769618,-6.109695,4.0020776
275818926,-2.0633094,-5.943241,2.090852
275818936,-0.8454419,-7.801776,0.5831873
275818946,-1.0322534,-10.342892,0.7580237
275818956,-1.5447876,-10.215956,1.404679
275818966,-0.085023195,-9.990824,-2.5375233
275818976,-0.95441526,-8.690329,-1.4418018
275818986,-1.4681469,-5.811515,1.6405884
275818996,-0.6646179,-4.9780483,1.1567944
275819006,-1.5843054,-6.2653713,3.2428565
275819016,-1.9818786,-7.625742,5.2247353
275819026,-1.6920813,-9.618399,3.5697765
275819036,-2.086062,-10.098599,2.4740553
275819046,-2.2165906,-9.598041,1.9675086
275819056,-1.7208215,-10.676997,-0.33530274
275819065,-1.5902929,-11.922407,-2.8596532
275819075,-2.8907886,-9.429192,-2.0249891
275819085,-1.9076331,-8.053253,-4.0104604
275819095,-1.0897338,-6.9204087,-5.0259485
275819105,-0.11615845,-7.2581067,-3.7625756
275819115,0.10298584,-7.714358,-3.2177088
275819125,-0.48499146,-7.644902,-3.4943335
275819135,-1.7483642,-7.8329115,-3.8440063
275819145,-3.0356872,-9.292676,-4.9768505
275819155,-5.421127,-10.578801,-7.077283
275819165,-7.6963954,-8.986114,-8.007748
275819175,-8.287965,-7.2976246,-11.577524
275819185,-8.071216,-4.0823107,-12.20502
275819195,-6.45338,-1.3675561,-7.9993653
275819205,-3.3470397,-2.0872595,-3.9074743
275819215,0.22393432,-5.0750465,-2.682422
275819225,1.1484119,-8.599318,-1.2082874
275819235,0.13052857,-12.043356,-2.4393275
275819245,-0.5640271,-13.358221,-2.1207898
275819255,-2.3686743,-12.133169,-2.5087829
275819265,-3.2213013,-10.193203,-6.3982944
275819275,-4.2272096,-8.341853,-8.499925
275819285,-4.414021,-8.1634245,-6.758745
275819295,-3.4212854,-9.1693325,-4.2834926
275819305,-1.6932788,-10.389595,-0.9508228
275819315,0.3927832,-8.601712,1.3567786
275819325,1.7555493,-7.7538757,3.0716126
275819335,1.902843,-9.498648,1.0214758
275819350,1.4849122,-8.740623,0.75203615
275819360,-0.0047900393,-7.249724,-0.41314086
275819370,-1.6118481,-5.4678297,-1.8764977
275819380,-2.9758117,-6.3515916,-4.0332127
275819390,-4.1613464,-8.759784,-5.0331335
275819400,-4.206852,-9.611214,-4.390071
275819410,-3.1063404,-8.966953,-4.564907
275819420,-2.525548,-8.82924,-5.20318
275819430,-2.3578968,-7.8400965,-4.8990126
275819440,-1.971101,-5.698949,-4.5768824
275819450,-1.2645704,-6.859336,-7.8736267
275819459,-0.07185058,-6.413862,-6.678512
275819470,0.8945398,-7.345525,-7.3119946
275819479,1.0250684,-8.065228,-6.5192432
275819489,-1.8549427,-8.708291,-1.9902612
275819499,-3.4631982,-7.4054003,-2.6848168
275819509,-6.098917,-4.326603,-3.747008
275819519,-7.4808435,-1.8501526,-7.4688683
275819529,-7.253317,-0.021555176,-11.165581
275819539,-6.1791506,-0.93765014,-11.532019
275819549,-3.4033227,-4.509822,-11.926
275819559,0.74485105,-4.7373486,-7.733518
275819569,-1.8262024,-8.516689,-3.3913476
275819579,1.4741346,-8.703501,-4.5277843
275819589,-0.09699829,-7.728728,-6.0126967
275819599,-2.4740553,-7.4724607,-7.0461473
275819609,-5.327721,-10.734478,-7.146738
275819619,-3.6727624,-12.143947,-7.6856174
275819629,-1.7890795,-12.173884,-6.7120423
275819639,-0.9783655,-10.952424,-3.7242553
275819649,0.30057496,-7.4401283,-4.2954674
275819659,-1.047821,-5.8342676,-4.472699
275819669,-2.7638526,-6.3432093,-4.8451247
275819679,-3.7230577,-6.700067,-3.5913317
275819689,-4.3062453,-7.484436,-2.701582
275819699,-4.2343946,-8.181387,-3.6021094
275819709,-3.6547997,-8.431666,-4.572092
275819719,-3.4284704,-8.356223,-5.3133507
275819729,-3.6607873,-7.388635,-5.81391
275819739,-3.6068995,-6.0198817,-6.2893214
275819749,-3.7589831,-5.2702403,-6.73719
275819759,-4.003275,-5.4402866,-7.04974
275819771,-3.9829175,-6.422245,-6.5060706
275819781,-3.7290454,-6.9826794,-5.5708156
275819791,-3.0440698,-6.9707046,-4.663103
275819801,-2.325564,-6.844966,-3.9625597
275819811,-1.1424243,-6.331234,-2.6752367
275819821,0.09101074,-5.612728,-0.30057496
275819831,1.1196716,-5.0331335,1.1364368
275819841,2.102827,-5.7827744,0.06346802
275819851,1.7603394,-7.811356,-1.1567944
275819861,1.0083032,-9.102272,-1.7004639
275819870,0.45744872,-9.6830635,-2.022594
275819880,-0.40954834,-10.823093,-3.558999
275819890,-1.8381774,-10.518926,-3.9433997
275819900,-2.7806177,-9.107061,-3.321892
275819910,-3.0560448,-7.0868626,-2.7303224
275819920,-2.2165906,-5.933661,-3.060835
275819930,-1.3076806,-6.955137,-6.4473925
275819940,-1.3723462,-8.3191,-8.131091
275819950,-2.318379,-8.752599,-5.2798204
275819960,-1.3244458,-9.527388,-6.884484
275819970,-2.2501209,-9.077124,-10.960807
275819980,-2.43813,-6.006709,-10.42552
275819990,-0.80592406,-6.918014,-12.049343
275820000,-1.7842896,-7.3215747,-9.018446
275820010,-3.1925611,-6.7623377,-6.0031166
275820020,-4.5445495,-6.837781,-3.4572108
275820030,-6.884484,-6.495293,-2.5926087
275820040,-8.926238,-4.782854,-6.8509536
275820050,-8.093968,-1.299298,-10.015972
275820060,-4.728966,1.8788928,-9.77168
275820070,-4.012855,0.864602,-7.5658665
275820080,-3.2668066,-4.863087,-6.8317933
275820090,-1.4789245,-9.029223,-6.629414
275820104,-2.430945,-11.67093,-3.9613624
275820114,-2.8979735,-11.666141,-3.0883777
275820124,-3.4596057,-10.603949,-5.146897
275820134,-4.6643004,-10.09381,-6.654562
275820144,-5.407954,-9.102272,-7.516769
275820154,-4.639153,-7.8089614,-5.604346
275820164,-3.5087037,-7.2221813,-8.398136
275820174,-2.4764502,-5.4606447,-9.515412
275820184,-1.7531543,-5.2882032,-7.904762
275820194,-1.6717236,-6.4797254,-6.3551846
275820204,-2.6045837,-7.2652917,-4.4331813
275820214,-3.3518298,-7.702383,-1.6789087
275820224,-2.7842102,-9.633966,-1.9818786
275820234,-3.2871642,-9.948911,-0.92208254
275820244,-1.4693445,-6.6773143,1.4549744
275820254,1.6238233,-5.3875966,0.86699706
275820264,3.36141,-4.061953,0.81670165
275820274,3.2823744,-6.1767554,2.1842577
275820284,2.2285657,-11.593092,1.6813037
275820294,0.16166382,-15.257472,2.1806653
275820304,-1.651366,-15.63349,3.0967603
275820314,-2.222578,-14.010864,2.1183949
275820324,-2.2321582,-10.497371,0.14489868
275820334,-2.339934,-8.721463,-2.1686902
275820344,-2.75068,-5.8079224,-2.0824695
275820354,-2.7470875,-3.2883618,-0.8466394
275820363,-1.8693128,-2.0429516,-0.6382727
275820373,-1.0657837,-2.802173,-2.5327332
275820383,-1.7351917,-4.980443,-2.9255164
275820393,-3.5482213,-7.9598475,-2.3878345
275820403,-5.7851696,-11.522439,-1.1855347
275820413,-8.357421,-12.50799,-0.22513184
275820423,-6.9060388,-10.239906,-2.6764343
275820433,-3.942202,-6.9874697,-5.564828
275820443,-2.027384,-5.2498827,-8.576565
275820453,-1.3795313,-5.54926,-9.647139
275820463,-1.8836828,-7.1934414,-8.234077
275820473,-3.735033,-9.2184305,-6.843768
275820483,-5.718109,-10.1261425,-6.9216065
275820493,-7.122788,-10.98835,-7.6640625
275820503,-6.534811,-10.654244,-6.9695067
275820513,-4.6164002,-9.821975,-5.197192
275820523,-2.6093738,-8.940608,-4.0607557
275820536,-2.335144,-6.539601,-0.0371228
275820546,-0.040715333,-5.9755735,-1.2070899
275820556,-0.7244934,-8.874744,-5.7468495
275820566,-4.566105,-9.733359,-3.8511915
275820576,-4.8810496,-7.811356,-4.694238
275820586,-4.0906935,-5.0654664,-3.7529955
275820596,-2.76026,-4.169729,-1.4418018
275820606,-1.155597,-4.9672704,1.8214123
275820616,-0.12933105,-5.630691,6.148015
275820626,1.4286292,-9.257948,4.9540977
275820636,0.65264285,-11.73799,4.4331813
275820646,0.84424436,-12.285253,2.2369483
275820656,-0.1963916,-12.400213,0.3796106
275820666,-1.3316308,-11.56076,-1.1124866
275820676,-2.2201831,-10.698552,-2.5075855
275820686,-3.1183155,-9.971663,-2.0992346
275820696,-3.234474,-8.517887,-1.099314
275820706,-2.809358,-7.012617,-1.3651612
275820716,-1.6357983,-4.9552956,-1.5148499
275820726,-1.4561719,-4.834347,-3.3398547
275820736,-2.2393432,-6.5204406,-3.8751416
275820746,-2.0118165,-8.90109,-4.162544
275820756,-2.0728893,-10.900931,-3.9445972
275820766,-1.8178198,-12.222982,-3.5218763
275820776,-1.9603235,-12.616962,-3.1841784
275820786,-3.3386571,-11.054213,-2.8931837
275820796,-3.869154,-8.860374,-5.21276
275820806,-4.467909,-6.502478,-9.061557
275820816,-5.3600535,-4.0439906,-11.838581
275820826,-5.9779687,-2.5973988,-11.169173
275820836,-5.0822315,-3.2692018,-8.976533
275820846,-3.473976,-5.797145,-9.025631
275820856,-2.8476782,-8.769364,-7.8089614
275820865,-3.2009437,-11.541599,-6.6653395
275820875,-3.6607873,-11.6374,-5.0870214
275820885,-3.793711,-10.145303,-4.572092
275820895,-4.4643164,-7.9059596,-4.2487645
275820905,-4.679868,-5.2067723,-3.2680042
275820915,-3.9709425,-3.7015028,-2.0010388
275820925,-2.6393116,-4.9038024,1.5447876
275820935,-1.6549585,-9.303453,-1.6178356
275820945,-5.3289185,-10.887759,-2.142345
275820955,-6.194718,-9.592053,0.26225463
275820965,-5.182822,-9.220825,-0.04550537
275820975,-2.6632617,-9.393267,-0.21794678
275820985,-1.8860779,-9.896221,-0.796344
275820995,-2.4752526,-9.708212,-1.4262341
275821005,-2.7410998,-9.224418,-1.9890637
275821015,-3.4093103,-7.7203455,-1.3136683
275821025,-2.814148,-6.365962,-2.1136048
275821035,-2.5530908,-6.197113,-3.478766
275821045,-2.6908045,-7.249724,-3.869154
275821055,-2.3207738,-8.783734,-2.8716285
275821065,-1.8441651,-10.178833,-1.7675244
275821075,-1.0106982,-11.001522,-1.2921131
275821090,-0.20597167,-10.703342,-0.49936157
275821100,0.95441526,-9.313033,1.3352234
275821110,1.717229,-8.777746,2.3064039
275821120,1.1340418,-9.333391,1.0178833
275821129,-0.48618898,-9.946516,0.554447
275821139,-2.2537134,-7.7347155,1.1747571
275821149,-2.6177564,-7.4568934,-1.5543677
275821159,-3.4129028,-7.6377172,-2.5027955
275821169,-3.6727624,-7.5287437,-3.549419
275821179,-3.018922,-7.9035645,-4.653523
275821189,-1.7998571,-8.429272,-4.572092
275821199,-0.3197351,-9.542955,-4.157754
275821209,0.11615845,-10.45905,-3.239264
275821219,0.025147704,-10.273437,-2.5890162
275821229,-0.8143066,-10.488988,-3.5122962
275821239,-3.2500415,-9.266331,-3.0548475
275821249,-4.2248144,-7.1144056,-4.548142
275821259,-5.142107,-7.04495,-10.214758
275821269,-6.937174,-5.447472,-11.785892
275821279,-7.350315,-3.178191,-9.986034
275821289,-6.312074,-2.015409,-8.253238
275821299,-4.7816563,-1.7531543,-6.2821364
275821309,-2.8177404,-3.3386571,-4.91937
275821319,-1.6190332,-6.0881395,-4.0439906
275821329,-1.155597,-8.558602,-4.047583
275821339,-2.0633094,-9.970467,-4.7181883
275821349,-2.9794042,-10.624307,-6.1935205
275821359,-3.006947,-9.381291,-7.242539
275821369,-3.0859826,-8.0508585,-6.8401756
275821379,-2.7375073,-8.3957405,-6.2593837
275821389,-2.208208,-8.236472,-4.3349853
275821399,-1.4741346,-6.947952,-1.7938696
275821409,-0.53049684,-6.843768,0.5604346
275821419,0.5269043,-7.4077954,0.92328
275821429,1.0502161,-8.419691,1.8561401
275821439,1.4932947,-8.52627,1.22625
275821449,1.0190808,-8.528665,-1.4980847
275821459,0.010777588,-8.516689,-3.9625597
275821469,-0.49696654,-8.455616,-6.239026
275821479,-2.0896544,-8.946595,-6.9216065
275821489,-2.9422815,-8.856782,-6.8317933
275821499,-2.8524683,-8.246052,-5.696554
275821509,-2.6249413,-7.4544983,-4.663103
275821519,-1.9243982,-5.999524,-4.196074
275821532,-1.1975098,-6.2617784,-4.748126
275821542,-0.3221301,-7.0820727,-4.3780956
275821552,0.44667113,-8.155042,-4.4104285
275821562,0.062270507,-8.653206,-4.5421543
275821572,-0.429906,-8.447234,-5.5600376
275821582,-1.275348,-7.3515124,-6.1204724
275821592,-2.1016297,-6.029462,-6.5156507
275821602,-2.6141639,-5.7923546,-7.5754466
275821612,-4.326603,-6.946754,-6.940767
275821622,-4.8091993,-6.9707046,-6.547983
275821632,-5.6785913,-5.877378,-6.052214
275821642,-5.9779687,-4.4319835,-6.394702
275821652,-5.237908,-2.9015663,-8.423284
275821662,-4.3637257,-3.0404773,-9.126222
275821672,0.48139894,-3.3410523,-10.857821
275821682,-2.5027955,-7.570657,-5.918093
275821692,-4.4343786,-10.65185,-2.0932472
275821702,0.68497556,-8.103549,-6.165978
275821712,-4.918173,-9.989627,-5.22234
275821722,-5.330116,-9.675879,-5.388794
275821732,-4.2571473,-10.437495,-6.1540027
275821742,-3.6380346,-10.823093,-5.19839
275821752,-3.685935,-10.172846,-4.574487
275821762,-2.46687,-7.0641103,-6.5743284
275821772,-2.2573059,-6.101312,-8.778944
275821782,-2.990182,-6.514453,-6.029462
275821792,-3.417693,-6.558761,-4.445156
275821802,-3.1075377,-7.0221972,-5.4726195
275821812,-3.3638048,-8.259225,-3.8296363
275821821,-2.7195446,-9.906999,-3.4476306
275821831,-2.0932472,-10.80992,-3.1231055
275821841,-0.9017249,-7.885602,-0.97237796
275821851,1.3639636,-5.8785753,-1.1508069
275821861,2.4010072,-4.022435,-0.41912842
275821871,2.430945,-3.9853125,0.7220984
275821881,1.5447876,-6.201903,0.92567503
275821891,0.27183473,-9.898616,0.87777466
275821901,-1.4825171,-12.870835,1.6046631
275821911,-2.6033862,-13.306728,2.3602917
275821921,-2.0932472,-11.970307,0.76281375
275821931,-2.088457,-10.341694,-0.16166382
275821941,-2.0692968,-5.2798204,1.2094848
275821951,-0.6658154,-2.46687,-3.6775525
275821961,-0.87777466,-2.826123,-2.5554857
275821971,-1.717229,-6.2653713,-2.581831
275821981,-3.3566198,-11.103311,-2.0058289
275821991,-6.744375,-12.759466,1.4106665
275822001,-6.828201,-11.703263,-0.09340576
275822011,-4.9373326,-9.459129,-4.0978785
275822021,-3.0404773,-6.41506,-5.6738014
275822031,-1.3627661,-5.598358,-7.1263804
275822041,-0.75682616,-5.6318884,-6.6114516
275822051,-0.5137317,-5.945636,-6.2545934
275822061,-1.0083032,-6.5288234,-7.9035645
275822071,-2.6644592,-7.1311707,-6.668932
275822081,-4.5529323,-8.155042,-7.555089
275822091,-6.2007055,-7.7227407,-7.5838294
275822101,-7.2784643,-10.109378,-9.121432
275822111,-7.8867993,-9.897418,-5.4702244
275822124,-4.6834607,-9.293873,-3.234474
275822134,-2.4093897,-8.605305,-1.4178516
275822144,-0.92208254,-8.119116,-1.4980847
275822154,-1.2118798,-7.195836,-2.5650659
275822164,-2.682422,-6.6210313,-3.6332445
275822174,-3.9362147,-5.2558703,-7.2509217
275822184,-4.6894484,-2.6608667,-7.230564
275822194,-4.61161,-5.4390893,-6.201903
275822204,-5.2630553,-9.122629,-4.548142
275822214,-3.3386571,-9.954899,-1.8980529
275822224,-0.91010743,-9.243578,1.653761
275822234,0.45026368,-9.880653,1.6453785
275822244,0.5736072,-10.859018,-0.08023316
275822254,-0.09580078,-10.503358,-0.043110352
275822264,-0.35087037,-10.036329,0.0119750975
275822274,-0.35206786,-10.488988,0.16405883
275822284,-0.5676196,-10.6746025,-1.3088782
275822294,-1.8202149,-10.472223,-2.459685
275822304,-3.2404613,-10.213561,-2.642904
275822314,-4.267925,-9.645941,-2.2070105
275822324,-4.319418,-8.775352,-1.6226257
275822334,-3.8811293,-7.755073,-2.5854235
275822344,-4.1361985,-7.3634877,-5.1876125
275822354,-4.6164002,-6.866521,-7.571854
275822364,-3.998485,-7.1096153,-8.466394
275822374,-3.5601966,-7.404203,-6.357579
275822384,-2.9231215,-7.397018,-5.1373167
275822394,-2.9231215,-6.309679,-3.5374439
275822404,-3.1757958,-6.340814,-2.8225305
275822414,-3.598517,-9.320218,-3.1674132
275822424,-3.2380664,-10.352472,-2.0824695
275822434,-1.3268409,-9.742939,-1.2681628
275822444,-0.7256909,-7.538324,-4.684658
275822454,-4.2511597,-7.606582,-6.4545774
275822464,-5.767207,-10.750045,-4.574487
275822474,-6.8725085,-12.002641,-5.9635987
275822484,-7.8616514,-10.306967,-7.7790236
275822494,-8.943003,-8.818462,-7.6568775
275822504,-7.9358974,-7.056925,-6.9036436
275822514,-5.22234,-4.216432,-5.686974
275822524,-2.347119,-2.142345,-5.205575
275822534,-0.87777466,-1.5352075,-5.157675
275822544,-1.8513501,-3.3769774,-4.6164002
275822554,-2.5590785,-7.3706727,-4.454736
275822564,-4.127816,-11.414663,-3.920647
275822574,-5.412744,-11.009905,0.86579955
275822584,-3.1578333,-9.86269,-0.05867798
275822594,-3.7781434,-10.042316,-1.7495618
275822604,-3.7889209,-7.6461,-3.3721876
275822614,-4.021238,-6.643784,-5.2043777
275822623,-4.1948767,-6.8976564,-5.686974
275822633,-4.038003,-8.147857,-7.1120105
275822643,-4.108656,-8.549023,-5.805527
275822653,-3.4703834,-8.0999565,-4.951703
275822663,-2.3566992,-7.435338,-1.7028589
275822673,-0.9675879,-10.372829,-3.0165272
275822683,-0.97237796,-8.994495,0.17603393
275822693,-0.05029541,-6.843768,2.1339624
275822703,0.74365354,-7.2569094,1.9890637
275822713,0.9029224,-6.9659142,1.8333875
275822723,1.2537928,-6.9850745,0.852627
275822733,1.2825329,-7.61257,-1.7351917
275822743,0.4071533,-8.1071415,-3.7625756
275822753,-0.9364526,-9.104667,-5.0019984
275822763,-2.405797,-9.968071,-5.053491
275822773,-4.174519,-9.818382,-3.8416114
275822783,-5.3313136,-8.429272,-1.9842737
275822793,-4.6259804,-8.517887,-3.1075377
275822803,-4.014053,-8.847202,-2.591411
275822813,-2.2525158,-7.801776,-1.3699511
275822823,-0.6215076,-7.6951976,-2.347119
275822833,-0.4646338,-7.589817,-3.3566198
275822843,-1.4741346,-6.460565,-2.870431
275822853,-2.1878502,-5.4067564,-3.5446289
275822863,-2.8668385,-5.7827744,-5.022356
275822873,-4.1876917,-6.6306114,-6.3911095
275822883,-5.1109715,-5.696554,-7.0533323
275822893,-5.4534593,-4.0667434,-8.496332
275822903,-5.8809705,-3.685935,-9.922565
275822913,-6.036647,-3.6260595,-8.351433
275822923,-4.6175976,-4.113446,-8.067623
275822933,-2.9542565,-4.996011,-8.764574
275822943,-1.9483484,-5.0846267,-7.7035804
275822953,-1.9423609,-6.1851377,-5.2283278
275822963,-1.0023156,-7.6892104,-5.7097263
275822973,-2.4932153,-7.7838135,-4.382886
275822983,-1.3711487,-6.986272,-8.798104
275822993,-5.7288866,-9.010063,-4.1852965
275823003,-2.941084,-9.886641,-5.3684363
275823013,-3.5745666,-10.383607,-2.5315356
275823023,-2.8656409,-10.2878065,-1.902843
275823033,-2.0237916,-8.416099,-4.0439906
275823043,-2.696792,-6.5288234,-3.5506165
275823053,-2.689607,-6.8246083,-4.0978785
275823063,-1.8477576,-8.053253,-3.8296363
275823073,-0.9508228,-9.780063,-2.1339624
275823083,0.2706372,-10.583591,-0.8071216
275823093,0.429906,-10.44468,-0.6610254
275823103,-2.0920496,-10.522518,-1.6022681
275823113,-2.1040246,-9.298663,-4.0392003
275823123,-1.6178356,-8.6077,-6.285729
275823133,-2.4357347,-8.705896,-6.212681
275823143,-2.5459058,-8.513097,-6.77072
275823153,-3.3254845,-8.061636,-6.006709
275823163,-4.003275,-6.8461633,-6.8461633
275823173,-3.0488598,-6.332432,-8.7334385
275823183,-2.591411,-6.619834,-8.787327
275823193,-1.3028907,-6.1372375,-7.589817
275823202,-0.34488282,-6.258186,-7.853269
275823212,-1.8621277,-7.8724294,-7.6389146
275823222,-2.6069787,-6.842571,-6.3432093
275823232,-3.6895275,-5.8761806,-5.029541
275823242,-7.2808595,-5.982759,-2.894381
275823252,-9.883048,-4.9085927,-2.2992187
275823262,-15.688576,-1.3352234,-8.505912
275823272,-4.054768,-0.46223876,-9.212442
275823282,-4.804409,-1.2250525,-7.732321
275823292,-3.4596057,-3.6320472,-8.8388195
275823302,0.43469605,-3.9122643,-6.9192114
275823312,2.2261705,-6.1911254,-5.405559
275823322,-3.3494349,-10.310559,-4.045188
275823332,-1.6393908,-10.2878065,-4.069138
275823342,-6.3036914,-13.270803,-2.642904
275823352,-3.8823266,-11.924802,-3.2117212
275823362,-4.2810974,-12.353511,-4.9529004
275823372,-3.885919,-11.65656,-4.3840833
275823382,-3.0308971,-10.051897,-4.7696815
275823392,-3.6380346,-9.181308,-4.918173
275823402,-4.012855,-8.626861,-5.774392
275823412,-3.9673498,-7.259304,-7.219786
275823422,-4.733756,-5.7863674,-8.105944
275823432,-5.415139,-5.7217016,-6.7204247
275823442,-5.309758,-6.394702,-3.4380505
275823452,-3.4751732,-7.4245605,-3.3290772
275823462,-2.8967762,-9.042397,-3.187771
275823472,-2.0752845,-7.1898484,-1.3723462
275823482,0.13052857,-4.763694,-0.2323169
275823492,1.2166699,-2.8392956,4.1373963
275823502,1.5998731,-3.190166,6.4473925
275823512,0.37122804,-6.2078905,5.8582177
275823533,-0.5484595,-10.975177,6.973099
275823543,-0.94962525,-14.082715,6.9036436
275823553,-1.6717236,-15.160474,5.7073317
275823563,-2.0142114,-13.439652,3.5601966
275823573,-2.8321106,-8.220904,3.8116736
275823583,-1.5639478,-3.145858,0.37362304
275823593,-1.5795153,-2.647694,-2.2393432
275823603,-1.5447876,-6.526428,-1.2142749
275823613,-3.7721558,-10.941647,-0.84065187
275823623,-6.4090724,-12.365486,2.7255323
275823633,-5.5947657,-13.364209,0.068258055
275823643,-4.893025,-10.462643,-2.8668385
275823653,-3.4308655,-7.029382,-4.9373326
275823663,-2.3662794,-7.047345,-7.635322
275823673,-3.6392322,-7.308402,-5.659431
275823683,-4.1146436,-8.091574,-5.8977356
275823693,-6.270161,-9.680669,-7.726333
275823703,-7.5514965,-8.879535,-8.53585
275823713,-7.7179503,-7.191046,-10.933264
275823723,-7.146738,-5.363646,-10.008786
275823733,-4.968468,-4.7325587,-7.9107494
275823743,-2.1627026,-5.9049206,-4.2739124
275823753,-0.52450925,-9.48308,-1.7950672
275823763,-0.67898804,-10.3931875,2.9327013
275823773,-0.63108766,-11.379935,1.3723462
275823783,-3.4727783,-10.095007,-0.6251001
275823793,-5.124144,-7.406598,-4.590055
275823803,-5.318141,-6.070177,-7.5682616
275823813,-4.912185,-6.324049,-6.526428
275823823,-4.7792616,-9.335786,-4.054768
275823833,-4.1074586,-10.097403,0.33769774
275823843,-1.6058606,-10.02675,2.7866051
275823855,0.0742456,-9.297466,5.49178
275823865,1.1005114,-8.359816,7.029382
275823875,1.7363892,-7.306007,7.418573
275823885,1.4154565,-8.000563,4.373306
275823895,-0.4430786,-8.037685,2.9243188
275823905,-1.9471508,-7.6592727,1.8022522
275823915,-2.7925928,-7.3706727,0.35326537
275823925,-3.251239,-7.9694276,-0.41912842
275823935,-3.2272887,-9.443562,-0.91609496
275823945,-3.5230737,-10.579999,-0.9508228
275823955,-3.182981,-12.170292,-1.0597961
275823965,-2.6931994,-13.355826,-2.3076012
275823975,-2.4297473,-11.56076,-2.6285338
275823985,-1.6860938,-8.6771555,-2.7171497
275823995,-0.5760022,-7.474856,-3.2847693
275824005,-0.8190967,-6.6497717,-1.4274316
275824015,-1.9220031,-6.3444066,1.5172448
275824025,-2.4393275,-5.1600695,2.645299
275824035,-2.6081762,-6.4893055,-1.3352234
275824045,-6.7575474,-8.66518,-0.2215393
275824055,-7.5910144,-9.075927,-1.592688
275824065,-6.2725563,-10.756033,-9.301059
275824075,-7.167096,-11.470946,-13.042079
275824085,-7.316785,-10.897339,-12.737911
275824095,-6.5551686,-9.641151,-8.504714
275824105,-5.527705,-7.606582,-5.7540345
275824115,-3.7697608,-5.7767873,-4.0978785
275824125,-1.9232007,-4.0164475,0.9831555
275824135,1.287323,-4.409231,0.91489744
275824145,1.2142749,-8.383766,0.07065307
275824155,-0.66342044,-11.130854,-1.785487
275824165,-3.4883459,-11.931988,-1.8297949
275824175,-5.3037705,-10.71891,-2.3435266
275824185,-6.5994763,-9.927356,-4.733756
275824195,-6.7431774,-8.62207,-5.5049524
275824205,-5.6390734,-7.8664417,-7.0796776
275824214,-4.3002577,-7.6664577,-7.129973
275824224,-3.5829492,-7.96823,-4.925358
275824234,-2.4225624,-8.055648,-1.8022522
275824244,-1.7351917,-8.890312,1.0753638
275824254,-1.2909155,-7.6688523,6.460565
275824264,0.5017566,-5.742059,9.608818
275824274,2.6117687,-6.7383876,6.411467
275824284,2.5279431,-8.074808,4.637955
275824294,1.9471508,-8.751401,3.0416749
275824304,0.91849,-9.277108,0.97716796
275824314,-0.7424561,-10.219548,-0.27303222
275824324,-2.286046,-10.522518,-0.8214917
275824338,-3.1865735,-11.027867,-2.1327648
275824348,-4.1146436,-10.6746025,-2.5315356
275824358,-4.6834607,-10.174043,-1.6178356
275824368,-4.3026524,-8.504714,-0.8370593
275824378,-3.7482057,-8.127499,-0.44427612
275824388,-3.3458424,-8.802895,-0.16765137
275824398,-3.214116,-8.181387,0.9352551
275824408,-1.8753003,-7.926317,-0.39877075
275824418,-1.6801062,-7.4485106,-0.83825684
275824428,-2.0142114,-7.4077954,-1.4549744
275824438,-2.9662316,-8.30473,-2.1794677
275824448,-3.0776,-8.668774,-3.5015185
275824458,-3.9122643,-11.172766,-6.7527575
275824468,-6.610254,-12.416979,-8.928633
275824478,-7.3048096,-9.940529,-11.599079
275824488,-7.1144056,-6.75156,-12.27687
275824498,-6.678512,-3.8308337,-8.975336
275824508,-4.867877,-2.3578968,-5.980364
275824518,-2.283651,-2.8464806,-3.3135095
275824528,-0.4430786,-4.28469,-0.45265868
275824538,0.6334827,-6.377937,-0.9963281
275824548,-0.75203615,-9.644744,-3.2751892
275824558,-3.06802,-10.635084,-2.0992346
275824567,-3.7482057,-11.085348,-3.6703675
275824577,-4.4691067,-10.897339,-5.618716
275824587,-4.517007,-9.465117,-5.6630235
275824597,-3.075205,-9.075927,-4.7229786
275824607,-1.895658,-9.1202345,-1.3615686
275824617,-0.91130495,-10.327324,0.60713744
275824627,-0.11496094,-11.845767,1.7986597
275824637,-0.21315674,-9.411229,3.998485
275824647,0.47660887,-8.032895,1.3627661
275824657,0.15088624,-6.74198,-0.71730834
275824667,-0.676593,-6.470145,-2.7638526
275824677,-1.7591418,-7.306007,-3.7110827
275824687,-2.696792,-8.537047,-3.634442
275824697,-3.302732,-9.936936,-3.803291
275824707,-3.67396,-10.77639,-4.096681
275824717,-3.4332604,-10.869796,-4.763694
275824727,-2.926714,-9.398057,-4.7253737
275824737,-2.003434,-7.0341725,-4.326603
275824747,-1.1292517,-5.5217175,-4.2583447
275824757,0.23950195,-5.788762,-4.7744713
275824767,0.4514612,-8.480764,-5.7947497
275824777,0.22513184,-8.885523,-3.7925134
275824787,0.36164796,-8.543035,-3.6631823
275824797,-0.77957886,-6.803053,-3.2356713
275824807,-3.222499,-5.3828063,-3.3087194
275824817,-5.533693,-4.454736,-4.7301636
275824827,-7.914342,-3.6895275,-6.0103016
275824837,-9.460327,-3.2811768,-6.8234105
275824847,-9.371712,-3.436853,-7.755073
275824857,-7.2712793,-5.144502,-8.461604
275824867,-4.721781,-6.6258216,-8.448431
275824877,-1.7627344,-6.8138304,-6.627019
275824887,1.7591418,-6.5922914,-8.034093
275824897,3.0811927,-7.05453,-8.854387
275824907,-0.3065625,-9.873468,-5.6893687
275824917,0.3305127,-10.7380705,-3.6943176
275824927,-1.1340418,-12.389436,-3.0596375
275824937,-4.228407,-13.129498,-1.7615368
275824947,-4.5517344,-11.237432,-2.386637
275824957,-3.9565723,-8.861572,-3.378175
275824967,-3.4799633,-7.545509,-3.6943176
275824977,-3.1638207,-6.8629284,-4.373306
275824987,-3.7098854,-6.4665527,-4.28948
275824997,-4.206852,-7.411388,-4.888235
275825007,-4.646338,-8.786129,-6.021079
275825017,-4.6822634,-9.442365,-5.9911413
275825027,-4.472699,-8.984916,-5.635481
275825037,-3.817661,-8.813672,-6.549181
275825047,-3.505111,-8.231682,-6.588699
275825057,-3.0596375,-7.533534,-4.7349534
275825067,-2.088457,-6.7359924,-3.8895118
275825077,-1.1591895,-6.74677,-3.6571949
275825087,-0.8083191,-7.0952454,-1.8980529
275825097,-0.2203418,-5.943241,0.5221143
275825107,0.6933582,-6.028264,1.5890955
275825117,0.73407346,-8.456814,2.4608827
275825127,0.28740233,-10.072254,2.1794677
275825137,0.19040406,-11.852952,0.63108766
275825147,-0.017962646,-11.960728,0.48259643
275825157,-0.791554,-10.523716,0.99752563
275825167,-0.92208254,-9.378897,-0.21555176
275825177,-1.1567944,-8.58375,-0.68377805
275825187,-1.5998731,-8.471184,-1.0705737
275825196,-2.4297473,-7.2628965,-0.16884887
275825206,-1.8250049,-5.8857603,-1.228645
275825216,-1.9818786,-5.4678297,-0.86220706
275825226,-2.2417383,-5.381609,-1.7315991
275825236,-3.4332604,-6.219866,-0.4071533
275825246,-4.3960586,-8.289163,0.040715333
275825256,-5.994734,-8.406519,0.8418494
275825266,-5.125342,-8.781339,-2.5315356
275825276,-4.636758,-11.769126,-5.47741
275825286,-4.421206,-9.981244,-5.7384667
275825296,-2.0094213,-7.2413416,-6.8138304
275825306,-1.653761,-5.8175025,-8.437654
275825316,-3.378175,-6.807843,-9.729767
275825326,-6.0246716,-8.653206,-7.8556643
275825336,-7.0581226,-9.422007,-5.8019347
275825346,-6.0665846,-9.566906,-7.2066135
275825356,-5.2019825,-8.503517,-6.387517
275825366,-3.3578174,-7.594607,-4.2499623
275825376,-1.355581,-8.178991,-2.818938
275825386,-2.2872436,-9.013656,0.48618898
275825396,-1.895658,-10.39199,-0.72928345
275825406,-2.8153455,-12.027788,-4.242777
275825416,-4.352948,-10.884167,-4.167334
275825426,-4.2367897,-8.418493,-3.9853125
275825436,-3.3985326,-6.321654,-2.8656409
275825446,-2.4584875,-5.732479,-0.37841308
275825456,-1.4513818,-4.867877,3.869154
275825466,-0.1844165,-4.29906,6.676117
275825476,0.556842,-5.725294,6.3180614
275825486,0.43469605,-7.852072,6.364764
275825496,0.9675879,-9.552535,5.4510646
275825506,1.0118958,-11.746373,2.7470875
275825516,-0.62390256,-13.937817,0.51013917
275825526,-2.3507116,-13.658796,0.76760375
275825536,-2.8979735,-12.421769,0.15567628
275825546,-3.2620165,-11.62303,-1.4034815
275825556,-4.2487645,-10.366842,-1.6992663
275825566,-4.061953,-7.63652,-0.69575316
275825576,-2.4189696,-5.955216,-1.5040723
275825586,-1.9291883,-6.4917006,-1.902843
275825596,-2.4728577,-7.306007,-1.0226734
275825606,-2.938689,-8.211325,-0.7723938
275825616,-3.1817834,-7.459288,-0.75562865
275825626,-2.8788135,-6.41985,-0.8454419
275825636,-2.2764661,-5.181625,-1.3004956
275825646,-2.3195765,-4.169729,-0.24668701
275825656,-2.259701,-8.453221,-3.011737
275825666,-5.988746,-11.389515,-2.8644433
275825676,-8.59333,-10.847043,-4.3445654
275825686,-8.456814,-8.9022875,-8.537047
275825696,-8.699908,-8.784931,-13.004956
275825706,-9.368119,-9.977652,-11.989468
275825726,-7.8005786,-9.510623,-9.061557
275825736,-5.4235215,-7.716753,-5.0894165
275825746,-2.0537293,-6.6581545,-1.8046472
275825756,0.25506958,-6.5934887,1.463357
275825766,1.1316468,-7.6305323,1.3723462
275825776,-0.676593,-10.030342,-2.5219555
275825786,-3.798501,-10.322535,-3.0644274
275825796,-5.4390893,-8.93941,-4.9205675
275825806,-5.9935365,-7.4006104,-6.6066613
275825816,-5.85223,-8.346643,-8.478369
275825826,-5.5312977,-10.07465,-6.9036436
275825836,-4.712201,-10.402767,-2.7482848
275825846,-3.197351,-8.983718,1.6130457
275825855,-0.80233157,-8.000563,5.2882032
275825865,1.1340418,-8.553812,5.909711
275825875,1.2573853,-7.995773,7.6951976
275825885,1.5519726,-9.431587,6.277346
275825895,0.97237796,-10.111773,5.108577
275825905,0.74365354,-10.050699,2.9362938
275825915,0.08741821,-10.267448,0.15088624
275825925,-0.76760375,-10.0207615,-1.0609937
275825935,-1.5531702,-9.769284,-2.4752526
275825945,-2.2824535,-9.950109,-4.035608
275825955,-3.561394,-9.55014,-3.185376
275825965,-4.557722,-8.334668,-0.6885681
275825975,-4.2930727,-8.182584,0.28500733
275825985,-3.0847852,-9.108259,-0.45026368
275825995,-1.7890795,-9.711804,-0.613125
275826005,-1.6058606,-8.380174,0.027542725
275826015,-1.3364209,-7.564669,-1.4274316
275826025,-1.3232483,-7.2006264,-3.3230896
275826037,-1.592688,-7.195836,-3.473976
275826047,-1.7304016,-6.980284,-3.178191
275826057,-1.8405725,-8.869955,-4.372108
275826067,-2.7782226,-10.841056,-2.210603
275826077,-4.1469765,-12.055331,-2.4237597
275826087,-5.264253,-8.454419,-2.9135413
275826097,-5.3217335,-7.0784802,-7.765851
275826107,-5.181625,-6.7276096,-11.0829525
275826117,-5.788762,-3.800896,-7.4640784
275826127,-3.8308337,-2.7087672,-5.454657
275826137,-2.3447242,-3.7062926,-4.93374
275826147,-1.2885205,-4.9624805,-4.418811
275826157,-0.6251001,-5.53489,-2.8464806
275826167,-0.22273682,-6.5527735,-1.22625
275826177,-0.64186525,-7.975415,-1.5100598
275826187,-1.890868,-8.1071415,-1.5471826
275826197,-2.623744,-8.830437,-3.4045203
275826207,-3.1207104,-9.643546,-5.435497
275826217,-3.5434313,-10.038724,-5.685776
275826227,-3.333867,-10.321337,-5.859415
275826237,-3.3290772,-10.394384,-5.0403185
275826247,-2.7482848,-9.969269,-5.3289185
275826257,-2.753075,-8.859178,-5.071454
275826267,-2.938689,-7.8317137,-4.942123
275826277,-3.6943176,-7.5203614,-4.482279
275826287,-3.6679723,-7.4544983,-5.0498986
275826297,-3.7134778,-7.526349,-5.031936
275826307,-3.2596216,-6.9515443,-5.0235534
275826317,-2.6812243,-6.9587293,-4.4691067
275826327,-1.968706,-7.325167,-3.7386255
275826337,-0.5987549,-7.2808595,-2.8165429
275826347,-0.013172608,-7.747888,-1.717229
275826357,1.0178833,-8.125104,-0.8358618
275826367,1.0562036,-8.923842,-0.7879614
275826377,1.477727,-8.993299,-2.9470716
275826387,0.32572266,-8.60291,-3.7973034
275826397,-1.3196558,-8.990903,-4.404441
275826407,-2.3435266,-8.36221,-4.768484
275826417,-2.9590466,-7.8089614,-5.7384667
275826427,-3.2835717,-5.623506,-5.8318725
275826437,-2.0680993,-5.3145485,-7.180269
275826447,-1.0382409,-6.3611717,-7.2090087
275826457,-0.08741821,-6.157595,-6.7850904
275826467,-0.48858398,-7.66526,-8.382568
275826477,-2.9650342,-8.103549,-7.819739
275826487,-4.2739124,-7.420968,-7.7921963
275826497,-6.915619,-6.2306433,-5.743257
275826507,-8.854387,-5.4606447,-5.381609
275826517,-9.210048,-3.8236487,-7.738308
275826527,-8.610095,-1.5280224,-9.905801
275826537,-6.531218,-0.9580078,-8.999286
275826547,-4.108656,-3.2201037,-8.440049
275826557,-1.2058923,-5.021158,-8.914263
275826567,2.8931837,-5.4331017,-8.8879175
275826577,-1.6046631,-9.163344,-2.6979895
275826587,-1.4238391,-9.650731,-2.4441175
275826597,0.09699829,-8.586145,-6.1049047
275826607,-5.4965696,-10.748848,-4.228407
275826617,-6.067782,-11.493699,-4.150569
275826627,-4.6834607,-11.818224,-5.0870214
275826636,-5.015171,-12.624148,-4.3768983
275826646,-3.9074743,-10.717712,-4.467909
275826656,-2.0968397,-7.388635,-6.170768
275826666,-1.9507434,-6.4330225,-5.9372535
275826676,-1.8753003,-7.835306,-5.542075
275826686,-2.7770252,-8.600515,-3.368595
275826696,-3.4164953,-7.516769,-1.3052857
275826706,-3.427273,-8.367001,-2.1734803
275826716,-3.7242553,-7.7466908,-0.52570677
275826726,-2.4536974,-6.763535,0.65623534
275826736,-0.3796106,-6.5683413,1.5100598
275826746,1.0071057,-6.0665846,2.7590625
275826756,2.0405567,-5.685776,3.6260595
275826766,2.2417383,-6.993457,2.4752526
275826776,0.68018556,-9.460327,1.4801221
275826786,-1.6477734,-11.827804,1.4238391
275826796,-3.610492,-13.046869,1.2022998
275826812,-4.3230104,-12.670851,0.4047583
275826822,-4.3050475,-10.958412,-0.75083864
275826832,-3.5997143,-7.9287124,-1.1244617
275826842,-2.696792,-6.7108445,-1.1160791
275826852,-2.4908204,-5.3780165,1.8776953
275826862,-0.11256592,-4.061953,3.5482213
275826872,0.7867639,-6.6210313,-0.94962525
275826882,-2.0549269,-9.402846,0.8945398
275826892,-4.9061975,-10.360854,2.7710376
275826902,-5.237908,-9.839938,-1.3136683
275826912,-5.5265074,-8.162227,-6.1516075
275826922,-5.8725877,-6.295309,-5.979166
275826932,-3.7601807,-6.8317933,-7.484436
275826942,-4.461921,-9.448352,-6.7048573
275826952,-5.0966015,-11.758348,-7.919132
275826962,-6.957532,-11.599079,-9.022038
275826972,-7.545509,-8.236472,-8.705896
275826982,-6.6641417,-5.987549,-9.441167
275826992,-4.756509,-4.519402,-6.6306114
275827002,-1.3627661,-5.158872,-4.0164475
275827012,-0.42272094,-7.5491014,-1.6334033
275827022,-0.49936157,-10.009984,0.6622229
275827032,-1.0095007,-12.506792,-2.4896228
275827042,-3.5841467,-12.703183,-3.490741
275827052,-4.3278003,-11.341615,-5.603148
275827061,-4.8259645,-9.128617,-5.9420433
275827071,-4.804409,-7.0581226,-2.4093897
275827081,-3.9781275,-6.539601,1.1532019
275827091,-2.254911,-4.6822634,5.53489
275827101,0.49936157,-4.087101,6.5503783
275827111,1.7339941,-5.4247193,6.175558
275827121,1.8585352,-6.8485584,6.9994445
275827131,1.9770886,-8.699908,6.4006896
275827141,1.4513818,-10.502161,4.731361
275827151,-0.08023316,-12.181069,2.3459215
275827161,-2.0070264,-12.412189,1.6645386
275827171,-2.7267296,-12.602592,-0.0047900393
275827181,-3.7733533,-12.561877,-1.8405725
275827191,-4.8475194,-9.583671,0.5831873
275827201,-2.694397,-6.582711,0.5029541
275827211,-0.73407346,-5.5265074,-0.025147704
275827221,0.18202148,-5.6510487,0.16884887
275827231,-0.32093263,-7.5766444,-0.7879614
275827241,-2.4956102,-8.8484,-0.6586304
275827251,-4.0894957,-8.837622,0.0
275827261,-3.810476,-7.3658824,-1.3591735
275827271,-3.5949242,-7.8867993,-4.5601172
275827281,-4.267925,-9.363329,-6.1695704
275827291,-5.637876,-8.337063,-4.331393
275827301,-6.1743603,-8.667576,-6.828201
275827311,-8.701106,-9.1849,-9.214838
275827321,-9.686657,-9.019644,-9.128617
275827331,-7.6892104,-8.477172,-8.529862
275827341,-4.5038342,-6.9970493,-5.724097
275827355,-1.2430152,-7.765851,-2.5542884
275827365,0.70533323,-9.024433,0.9927356
275827375,1.778302,-10.357262,0.9136999
275827385,-0.36164796,-12.178675,-0.6430628
275827395,-3.3841627,-11.354788,-1.23104
275827405,-5.0678616,-9.830358,-4.5840673
275827415,-5.7660093,-7.4736586,-7.2221813
275827425,-5.273833,-6.8317933,-8.933423
275827435,-5.031936,-7.3024144,-5.910908
275827445,-4.5050316,-7.0174074,1.4932947
275827455,-2.6560767,-5.9755735,7.6005945
275827465,0.6825806,-6.246211,10.309361
275827475,2.4201672,-8.002957,11.260184
275827485,3.1925611,-8.82924,11.29132
275827495,2.814148,-10.614727,6.0665846
275827505,0.26225463,-10.922486,3.0895753
275827515,-2.4920177,-10.547666,1.771117
275827525,-4.3230104,-10.3512745,-0.6981482
275827535,-5.247488,-11.752361,-3.119513
275827545,-6.4569726,-11.90205,-3.3458424
275827555,-6.0007215,-9.119037,-1.7423767
275827565,-2.7494824,-8.868757,-2.579436
275827575,-0.857417,-9.874665,-2.3555017
275827585,0.60354495,-9.357342,1.0502161
275827595,1.8285974,-8.553812,2.6704469
275827605,0.5616321,-6.898854,3.9338195
275827614,-1.9232007,-5.894143,2.3087988
275827624,-4.360133,-6.3276415,-0.38679564
275827634,-5.9935365,-7.266489,-1.8214123
275827644,-5.764812,-7.7909985,-3.7098854
275827654,-5.3624487,-8.605305,-5.6270986
275827664,-6.079757,-9.940529,-6.577921
275827674,-5.932463,-9.171727,-6.532416
275827684,-5.466632,-8.158634,-6.2653713
275827694,-4.9792457,-7.157516,-4.7385464
275827704,-4.1589513,-6.690487,-2.7123597
275827714,-2.8656409,-6.8485584,-0.34608033
275827726,-2.0489392,-7.95386,1.6765137
275827736,-1.717229,-9.906999,3.121908
275827746,-1.9160156,-11.697275,3.8511915
275827756,-2.4297473,-12.510385,3.5961218
275827766,-3.3242872,-11.994258,3.2248938
275827776,-3.6236646,-11.761941,0.49457154
275827786,-3.7889209,-10.5620365,-0.89334226
275827796,-3.2548316,-9.437574,-2.039359
275827806,-2.2848487,-9.267529,-2.7482848
275827816,-2.0597167,-9.538165,-2.0333717
275827825,-1.6501684,-9.523795,-1.2777429
275827835,-1.4262341,-9.49266,-0.8143066
275827845,-1.8082397,-8.946595,-0.77957886
275827855,-2.081272,-8.329878,-1.035846
275827865,-2.46687,-7.93949,-1.3519886
275827875,-2.9662316,-8.235274,-1.343606
275827885,-3.490741,-9.036408,-0.9316626
275827895,-3.8392162,-9.689052,-0.3568579
275827905,-4.061953,-10.05549,-0.15088624
275827915,-4.174519,-9.992022,-0.25506958
275827925,-4.479884,-9.691446,-0.2574646
275827935,-4.9457154,-9.135802,0.53049684
275827945,-5.2307224,-8.435259,1.5328125
275827955,-5.364844,-8.217312,2.0704944
275827965,-5.4438796,-8.6843405,2.393822
275827975,-4.6247826,-9.139395,3.0129347
275827985,-3.9493873,-9.362131,2.9051588
275827995,-3.6751575,-9.101074,2.858456
275828005,-3.2859669,-8.149054,3.3566198
275828015,-2.9925768,-7.5035963,3.5338514
275828025,-3.3817675,-8.120314,3.6092944
275828035,-3.4332604,-8.483159,4.1948767
275828045,-2.9494665,-8.668774,4.3050475
275828055,-2.7363098,-8.53585,3.9433997
275828065,-2.5650659,-8.484357,3.4919386
275828075,-2.623744,-8.616083,3.0380824
275828085,-2.5997937,-8.776549,3.2201037
275828095,-2.6536818,-8.849597,3.1542406
275828105,-2.6632617,-8.950188,2.9746141
275828115,-2.8057654,-8.863967,2.9722192
275828125,-2.8512707,-8.479567,2.8033705
275828135,-2.9602442,-8.170609,2.396217
275828145,-3.1446607,-8.226892,1.9758911
275828155,-2.9865894,-8.128696,1.9387683
275828165,-2.6081762,-8.286768,2.1926403
275828175,-2.569856,-8.376581,2.4968078
275828185,-2.3770568,-8.693921,2.635719
275828195,-2.5315356,-8.87235,3.0368848
275828205,-2.4369323,-8.880733,3.0692174
275828215,-2.0573218,-8.26641,2.5590785
275828225,-2.1112096,-8.064031,2.9398866
275828235,-2.335144,-8.175399,3.2931519
275828245,-2.513573,-8.387359,4.113446
275828255,-2.8692334,-8.315508,4.4104285
275828265,-3.1003528,-8.036488,4.5469446
275828275,-3.4129028,-7.0413575,4.8654823
275828285,-3.3326697,-6.333629,4.9505053
275828295,-3.1769934,-7.1658983,5.518125
275828305,-3.3889527,-8.996891,6.573131
275828315,-2.9734168,-9.9010105,6.6330066
275828325,-2.8979735,-9.643546,6.7335973
275828335,-2.9422815,-8.286768,6.12646
275828345,-3.0955627,-6.547983,5.261858
275828355,-2.9650342,-5.2702403,5.6642213
275828364,-3.7529955,-6.580316,5.253475
275828374,-5.6007533,-7.7047777,6.364764
275828384,-4.123026,-7.147936,7.6664577
275828394,-4.6894484,-6.5060706,8.202942
275828404,-3.6751575,-6.827003,6.709647
275828414,-2.8859985,-7.268884,5.8294773
275828424,-2.6105714,-7.32397,5.718109
275828434,-2.2249732,-6.837781,5.6438637
275828444,-2.3998096,-6.6401916,6.2593837
275828454,-2.2165906,-6.716832,6.7383876
275828464,-2.1734803,-6.500083,7.1347632
275828474,-1.961521,-6.411467,6.8820887
275828484,-2.0609143,-6.077362,6.739585
275828494,-1.8992505,-5.618716,6.427035
275828504,-1.9315833,-5.116959,6.786288
275828514,-1.8250049,-4.479884,7.4269557
275828524,-1.5184424,-4.164939,7.562274
275828534,-1.1771522,-3.742218,7.242539
275828544,-1.1100916,-3.6200721,7.1838613
275828554,-1.2825329,-3.2668066,8.018525
275828564,-1.23104,-2.9961693,8.566985
275828574,-0.9244775,-3.368595,9.656719
275828584,-1.0585986,-4.3517504,10.326127
275828594,-1.6346009,-4.9289503,10.75723
275828604,-2.5411158,-4.9481106,10.558444
275828614,-3.2428565,-4.790039,9.866283
275828624,-3.8248463,-4.877457,9.536968
275828634,-4.479884,-5.285808,9.480685
275828644,-5.0989966,-6.016289,9.25675
275828654,-5.835465,-6.340814,9.219627
275828664,-6.358777,-6.2977037,8.806487
275828674,-6.4725404,-5.5851855,8.491542
275828684,-6.4964905,-4.88584,8.212522
275828694,-6.375542,-4.149371,8.108338
275828704,-5.898933,-3.3554223,8.0017605
275828714,-5.3145485,-2.821333,8.024513
275828724,-4.6906457,-2.5171654,8.238867
275828734,-4.149371,-2.3662794,8.202942
275828744,-3.634442,-2.3722668,8.224497
275828754,-3.3159046,-2.3902295,8.491542
275828764,-2.9243188,-2.3974144,8.823252
275828774,-2.687212,-2.6093738,9.202863
275828784,-2.4800427,-2.906356,9.495055
275828794,-2.3327491,-3.0296998,9.645941
275828804,-2.3662794,-2.941084,9.540561
275828814,-2.403402,-2.530338,9.206455
275828824,-2.618954,-1.9890637,8.745414
275828834,-2.699187,-1.5819104,8.503517
275828844,-2.880011,-1.3256433,8.265212
275828854,-3.0883777,-1.3591735,8.383766
275828864,-3.234474,-1.6322058,8.539442
275828874,-3.453618,-2.1267774,8.8963
275828884,-3.7565882,-2.327959,9.062754
275828894,-3.7805383,-2.3495142,9.109457
275828904,-3.911067,-2.0561242,8.957373
275828914,-3.969745,-1.9148182,8.859178
275828924,-4.0188427,-1.900448,8.9442005
275828934,-3.8428087,-2.1746778,8.868757
275828944,-4.0607557,-2.3363416,9.034014
275828954,-4.127816,-2.381847,9.103469
275828964,-4.184099,-2.086062,9.157357
275828974,-4.1709266,-1.7399817,9.047186
275828984,-4.162544,-1.4286292,9.001681
275828994,-4.263135,-1.4322217,9.103469
275829003,-4.3397756,-1.5699353,9.16095
275829013,-4.311035,-1.648971,9.211246
275829023,-4.348158,-1.8741028,9.285491
275829033,-4.373306,-2.0417542,9.22801
275829043,-4.331393,-1.9124231,9.22801
275829053,-4.2763076,-1.8309925,9.178912
275829063,-4.367318,-1.5699353,9.1621475
275829073,-4.352948,-1.3088782,9.16095
275829083,-4.390071,-1.1807446,9.226812
275829093,-4.350553,-1.1532019,9.344169
275829103,-4.4128237,-0.96040285,9.405242
275829113,-4.388873,-0.9292676,9.22322
275829123,-4.3685155,-0.7316785,9.315429
275829133,-4.3589354,-0.76640624,9.237591
275829143,-4.2487645,-0.8693921,9.265133
275829153,-4.28948,-1.1412268,9.237591
275829163,-4.263135,-1.2777429,9.358539
275829173,-4.1074586,-1.3172607,9.351354
275829183,-4.111051,-1.3448035,9.504635
275829193,-4.1050634,-1.1124866,9.498648
275829203,-4.091891,-0.9891431,9.388476
275829213,-4.0679407,-0.7424561,9.3944645
275829223,-4.02962,-0.52091676,9.152567
275829233,-3.984115,-0.37721556,9.096284
275829243,-3.9014869,-0.33171022,9.178912
275829253,-3.8344262,-0.75203615,9.386082
275829263,-3.9278321,-1.0765613,9.480685
275829273,-3.9242394,-1.341211,9.509425
275829283,-3.9314246,-1.3675561,9.602831
275829293,-3.9960902,-1.3735437,9.711804
275829303,-4.054768,-1.4202466,9.558523
275829313,-4.204457,-1.4226416,9.568103
275829323,-4.150569,-1.2885205,9.504635
275829333,-4.0559654,-1.162782,9.474697
275829343,-2.6225464,1.463357,-0.5724097
275829353,-4.287085,0.6706055,9.410031
275829363,-3.08239,-4.728966,11.43502
275829373,-3.5182836,-3.9960902,11.500884
275829383,-4.181704,-3.3889527,10.12255
275829393,-4.2343946,-1.0538086,9.425599
275829403,-4.127816,0.022752685,8.81008
275829413,-4.1457787,0.1484912,8.652008
275829423,-4.1074586,-0.27303222,8.8951025
275829433,-3.7482057,-0.7855664,9.135802
275829443,-3.5134935,-0.9592053,9.471105
275829453,-3.4284704,-1.0897338,9.582473
275829463,-3.617677,-0.87298465,9.504635
275829473,-3.7086878,-0.9136999,9.348959
275829483,-3.5937269,-0.91489744,9.368119
275829493,-3.5578015,-1.0657837,9.284293
275829503,-3.4608033,-1.2861255,9.522597
